,Word,encode
0,the,2
1,of,3
2,and,4
3,one,5
4,in,6
5,a,7
6,to,8
7,zero,9
8,nine,10
9,two,11
10,is,12
11,as,13
12,eight,14
13,for,15
14,s,16
15,five,17
16,three,18
17,was,19
18,by,20
19,that,21
20,four,22
21,six,23
22,seven,24
23,with,25
24,on,26
25,are,27
26,it,28
27,from,29
28,or,30
29,his,31
30,an,32
31,be,33
32,this,34
33,which,35
34,at,36
35,he,37
36,also,38
37,not,39
38,have,40
39,were,41
40,has,42
41,but,43
42,other,44
43,their,45
44,its,46
45,first,47
46,they,48
47,some,49
48,had,50
49,all,51
50,more,52
51,most,53
52,can,54
53,been,55
54,such,56
55,many,57
56,who,58
57,new,59
58,used,60
59,there,61
60,after,62
61,when,63
62,into,64
63,american,65
64,time,66
65,these,67
66,only,68
67,see,69
68,may,70
69,than,71
70,world,72
71,i,73
72,b,74
73,would,75
74,d,76
75,no,77
76,however,78
77,between,79
78,about,80
79,over,81
80,years,82
81,states,83
82,people,84
83,war,85
84,during,86
85,united,87
86,known,88
87,if,89
88,called,90
89,use,91
90,th,92
91,system,93
92,often,94
93,state,95
94,so,96
95,history,97
96,will,98
97,up,99
98,while,100
99,where,101
100,city,102
101,being,103
102,english,104
103,then,105
104,any,106
105,both,107
106,under,108
107,out,109
108,made,110
109,well,111
110,her,112
111,e,113
112,number,114
113,government,115
114,them,116
115,m,117
116,later,118
117,since,119
118,him,120
119,part,121
120,name,122
121,c,123
122,century,124
123,through,125
124,because,126
125,x,127
126,university,128
127,early,129
128,life,130
129,british,131
130,year,132
131,like,133
132,same,134
133,including,135
134,became,136
135,example,137
136,day,138
137,each,139
138,even,140
139,work,141
140,language,142
141,although,143
142,several,144
143,form,145
144,john,146
145,u,147
146,national,148
147,very,149
148,much,150
149,g,151
150,french,152
151,before,153
152,general,154
153,what,155
154,t,156
155,against,157
156,n,158
157,high,159
158,links,160
159,could,161
160,based,162
161,those,163
162,now,164
163,second,165
164,de,166
165,music,167
166,another,168
167,large,169
168,she,170
169,f,171
170,external,172
171,german,173
172,different,174
173,modern,175
174,great,176
175,do,177
176,common,178
177,set,179
178,list,180
179,south,181
180,series,182
181,major,183
182,game,184
183,power,185
184,long,186
185,country,187
186,king,188
187,law,189
188,group,190
189,film,191
190,still,192
191,until,193
192,north,194
193,international,195
194,term,196
195,we,197
196,end,198
197,book,199
198,found,200
199,own,201
200,political,202
201,party,203
202,order,204
203,usually,205
204,president,206
205,church,207
206,you,208
207,death,209
208,theory,210
209,area,211
210,around,212
211,include,213
212,god,214
213,ii,215
214,way,216
215,did,217
216,military,218
217,population,219
218,using,220
219,though,221
220,small,222
221,following,223
222,within,224
223,non,225
224,human,226
225,left,227
226,main,228
227,among,229
228,point,230
229,r,231
230,due,232
231,p,233
232,considered,234
233,public,235
234,popular,236
235,computer,237
236,west,238
237,family,239
238,east,240
239,information,241
240,important,242
241,european,243
242,man,244
243,sometimes,245
244,right,246
245,old,247
246,free,248
247,word,249
248,without,250
249,last,251
250,us,252
251,members,253
252,given,254
253,times,255
254,roman,256
255,make,257
256,h,258
257,age,259
258,place,260
259,l,261
260,thus,262
261,science,263
262,case,264
263,become,265
264,systems,266
265,union,267
266,born,268
267,york,269
268,line,270
269,countries,271
270,does,272
271,isbn,273
272,st,274
273,control,275
274,various,276
275,others,277
276,house,278
277,article,279
278,island,280
279,should,281
280,led,282
281,back,283
282,period,284
283,player,285
284,europe,286
285,languages,287
286,central,288
287,water,289
288,few,290
289,western,291
290,home,292
291,began,293
292,generally,294
293,less,295
294,k,296
295,similar,297
296,written,298
297,original,299
298,best,300
299,must,301
300,according,302
301,school,303
302,france,304
303,air,305
304,single,306
305,force,307
306,v,308
307,land,309
308,groups,310
309,down,311
310,how,312
311,works,313
312,development,314
313,official,315
314,support,316
315,england,317
316,j,318
317,rather,319
318,data,320
319,space,321
320,greek,322
321,km,323
322,named,324
323,germany,325
324,just,326
325,games,327
326,said,328
327,version,329
328,late,330
329,earth,331
330,company,332
331,every,333
332,economic,334
333,short,335
334,published,336
335,black,337
336,army,338
337,off,339
338,london,340
339,million,341
340,body,342
341,field,343
342,christian,344
343,either,345
344,social,346
345,empire,347
346,o,348
347,developed,349
348,standard,350
349,court,351
350,service,352
351,kingdom,353
352,along,354
353,college,355
354,republic,356
355,sea,357
356,america,358
357,today,359
358,result,360
359,held,361
360,team,362
361,light,363
362,means,364
363,never,365
364,especially,366
365,third,367
366,further,368
367,character,369
368,forces,370
369,take,371
370,men,372
371,society,373
372,show,374
373,open,375
374,possible,376
375,fact,377
376,battle,378
377,took,379
378,former,380
379,books,381
380,soviet,382
381,river,383
382,children,384
383,having,385
384,good,386
385,local,387
386,current,388
387,son,389
388,process,390
389,natural,391
390,present,392
391,himself,393
392,islands,394
393,total,395
394,near,396
395,white,397
396,days,398
397,person,399
398,itself,400
399,seen,401
400,culture,402
401,little,403
402,above,404
403,software,405
404,largest,406
405,words,407
406,upon,408
407,level,409
408,father,410
409,created,411
410,side,412
411,red,413
412,references,414
413,press,415
414,full,416
415,region,417
416,almost,418
417,image,419
418,al,420
419,famous,421
420,play,422
421,came,423
422,role,424
423,once,425
424,certain,426
425,league,427
426,jewish,428
427,james,429
428,january,430
429,site,431
430,again,432
431,numbers,433
432,art,434
433,member,435
434,areas,436
435,movement,437
436,religious,438
437,type,439
438,march,440
439,community,441
440,story,442
441,played,443
442,production,444
443,released,445
444,center,446
445,rights,447
446,real,448
447,related,449
448,foreign,450
449,low,451
450,ancient,452
451,terms,453
452,view,454
453,source,455
454,act,456
455,minister,457
456,change,458
457,energy,459
458,produced,460
459,research,461
460,actor,462
461,making,463
462,civil,464
463,december,465
464,women,466
465,special,467
466,style,468
467,william,469
468,design,470
469,japanese,471
470,available,472
471,chinese,473
472,forms,474
473,canada,475
474,northern,476
475,died,477
476,class,478
477,living,479
478,next,480
479,particular,481
480,program,482
481,council,483
482,television,484
483,head,485
484,david,486
485,china,487
486,middle,488
487,established,489
488,hand,490
489,bc,491
490,far,492
491,july,493
492,function,494
493,position,495
494,y,496
495,built,497
496,george,498
497,band,499
498,together,500
499,w,501
500,latin,502
501,thought,503
502,eastern,504
503,charles,505
504,parts,506
505,instead,507
506,study,508
507,might,509
508,india,510
509,code,511
510,included,512
511,meaning,513
512,trade,514
513,per,515
514,june,516
515,least,517
516,half,518
517,model,519
518,economy,520
519,prime,521
520,traditional,522
521,always,523
522,capital,524
523,range,525
524,november,526
525,emperor,527
526,young,528
527,anti,529
528,final,530
529,text,531
530,players,532
531,uk,533
532,april,534
533,run,535
534,september,536
535,addition,537
536,radio,538
537,live,539
538,august,540
539,taken,541
540,note,542
541,italian,543
542,lost,544
543,nature,545
544,project,546
545,technology,547
546,spanish,548
547,october,549
548,recent,550
549,rate,551
550,won,552
551,true,553
552,value,554
553,uses,555
554,russian,556
555,est,557
556,wrote,558
557,effect,559
558,album,560
559,southern,561
560,africa,562
561,whose,563
562,top,564
563,historical,565
564,australia,566
565,catholic,567
566,particularly,568
567,self,569
568,structure,570
569,record,571
570,evidence,572
571,rule,573
572,themselves,574
573,influence,575
574,cases,576
575,subject,577
576,referred,578
577,continued,579
578,nations,580
579,below,581
580,rock,582
581,japan,583
582,com,584
583,song,585
584,throughout,586
585,names,587
586,female,588
587,title,589
588,therefore,590
589,our,591
590,office,592
591,star,593
592,paul,594
593,too,595
594,cities,596
595,february,597
596,independent,598
597,author,599
598,problem,600
599,species,601
600,education,602
601,done,603
602,philosophy,604
603,come,605
604,higher,606
605,originally,607
606,market,608
607,town,609
608,my,610
609,season,611
610,love,612
611,strong,613
612,israel,614
613,irish,615
614,writer,616
615,films,617
616,elements,618
617,robert,619
618,whether,620
619,despite,621
620,eventually,622
621,here,623
622,football,624
623,action,625
624,internet,626
625,individual,627
626,sound,628
627,network,629
628,described,630
629,practice,631
630,characters,632
631,re,633
632,royal,634
633,la,635
634,events,636
635,formed,637
636,commonly,638
637,base,639
638,received,640
639,african,641
640,problems,642
641,food,643
642,jews,644
643,able,645
644,male,646
645,typically,647
646,mass,648
647,complex,649
648,lower,650
649,includes,651
650,outside,652
651,legal,653
652,complete,654
653,significant,655
654,parliament,656
655,actually,657
656,business,658
657,fiction,659
658,physical,660
659,followed,661
660,deaths,662
661,key,663
662,leader,664
663,widely,665
664,page,666
665,basic,667
666,types,668
667,henry,669
668,elected,670
669,beginning,671
670,fire,672
671,building,673
672,independence,674
673,went,675
674,movie,676
675,aircraft,677
676,ever,678
677,canadian,679
678,material,680
679,births,681
680,video,682
681,news,683
682,future,684
683,scientific,685
684,simply,686
685,go,687
686,defined,688
687,laws,689
688,get,690
689,close,691
690,industry,692
691,specific,693
692,examples,694
693,believe,695
694,services,696
695,idea,697
696,method,698
697,introduced,699
698,points,700
699,return,701
700,cause,702
701,indian,703
702,britain,704
703,features,705
704,majority,706
705,size,707
706,post,708
707,lead,709
708,organization,710
709,cannot,711
710,designed,712
711,ireland,713
712,cross,714
713,classical,715
714,personal,716
715,writing,717
716,concept,718
717,associated,719
718,required,720
719,soon,721
720,changes,722
721,california,723
722,located,724
723,sense,725
724,believed,726
725,away,727
726,started,728
727,co,729
728,religion,730
729,mother,731
730,county,732
731,rules,733
732,studies,734
733,yet,735
734,find,736
735,knowledge,737
736,put,738
737,founded,739
738,policy,740
739,currently,741
740,provide,742
741,working,743
742,media,744
743,election,745
744,australian,746
745,me,747
746,thomas,748
747,allowed,749
748,russia,750
749,earlier,751
750,greater,752
751,limited,753
752,object,754
753,brought,755
754,online,756
755,association,757
756,lord,758
757,mostly,759
758,blue,760
759,constitution,761
760,across,762
761,added,763
762,interest,764
763,things,765
764,relations,766
765,speed,767
766,federal,768
767,singer,769
768,effects,770
769,growth,771
770,sources,772
771,your,773
772,remains,774
773,z,775
774,probably,776
775,gave,777
776,simple,778
777,attack,779
778,longer,780
779,reference,781
780,saint,782
781,success,783
782,killed,784
783,past,785
784,career,786
785,need,787
786,park,788
787,definition,789
788,say,790
789,etc,791
790,give,792
791,peace,793
792,chief,794
793,stories,795
794,security,796
795,wide,797
796,ball,798
797,saw,799
798,machine,800
799,better,801
800,cell,802
801,leading,803
802,becomes,804
803,spain,805
804,larger,806
805,products,807
806,parties,808
807,night,809
808,remained,810
809,prize,811
810,months,812
811,website,813
812,big,814
813,cultural,815
814,money,816
815,help,817
816,territory,818
817,private,819
818,moved,820
819,letter,821
820,wife,822
821,politics,823
822,lines,824
823,largely,825
824,contains,826
825,companies,827
826,lake,828
827,perhaps,829
828,green,830
829,already,831
830,dead,832
831,iii,833
832,library,834
833,separate,835
834,refer,836
835,makes,837
836,appeared,838
837,dutch,839
838,holy,840
839,era,841
840,novel,842
841,successful,843
842,italy,844
843,letters,845
844,results,846
845,matter,847
846,produce,848
847,origin,849
848,claim,850
849,whole,851
850,directly,852
851,attempt,853
852,actress,854
853,surface,855
854,revolution,856
855,highly,857
856,caused,858
857,status,859
858,musical,860
859,richard,861
860,commercial,862
861,division,863
862,color,864
863,health,865
864,coast,866
865,release,867
866,latter,868
867,authority,869
868,treaty,870
869,turn,871
870,michael,872
871,nation,873
872,direct,874
873,asia,875
874,edition,876
875,programming,877
876,playing,878
877,date,879
878,mary,880
879,native,881
880,whom,882
881,married,883
882,towards,884
883,issues,885
884,double,886
885,primary,887
886,basis,888
887,allow,889
888,enough,890
889,memory,891
890,reason,892
891,web,893
892,exist,894
893,provided,895
894,oil,896
895,course,897
896,functions,898
897,alexander,899
898,analysis,900
899,chemical,901
900,mid,902
901,replaced,903
902,queen,904
903,claims,905
904,tv,906
905,sun,907
906,literature,908
907,metal,909
908,amount,910
909,divided,911
910,blood,912
911,likely,913
912,access,914
913,average,915
914,length,916
915,smaller,917
916,medical,918
917,property,919
918,students,920
919,degree,921
920,elections,922
921,club,923
922,claimed,924
923,performance,925
924,director,926
925,digital,927
926,front,928
927,museum,929
928,difficult,930
929,tradition,931
930,nearly,932
931,schools,933
932,washington,934
933,gas,935
934,jesus,936
935,map,937
936,louis,938
937,rome,939
938,unit,940
939,baseball,941
940,mind,942
941,peter,943
942,mark,944
943,collection,945
944,product,946
945,congress,947
946,programs,948
947,changed,949
948,ideas,950
949,moon,951
950,entire,952
951,user,953
952,ground,954
953,records,955
954,frequently,956
955,increase,957
956,highest,958
957,sent,959
958,finally,960
959,board,961
960,don,962
961,notable,963
962,read,964
963,methods,965
964,recently,966
965,bit,967
966,involved,968
967,variety,969
968,call,970
969,democratic,971
970,ten,972
971,served,973
972,minor,974
973,hard,975
974,birth,976
975,objects,977
976,nuclear,978
977,increased,979
978,section,980
979,street,981
980,windows,982
981,relatively,983
982,car,984
983,move,985
984,create,986
985,returned,987
986,bank,988
987,conditions,989
988,operation,990
989,adopted,991
990,relationship,992
991,christ,993
992,hall,994
993,appear,995
994,rest,996
995,child,997
996,element,998
997,appears,999
998,takes,1000
999,fall,1001
1000,bbc,1002
1001,animals,1003
1002,existence,1004
1003,discovered,1005
1004,units,1006
1005,know,1007
1006,heavy,1008
1007,assembly,1009
1008,universe,1010
1009,file,1011
1010,smith,1012
1011,numerous,1013
1012,woman,1014
1013,award,1015
1014,mean,1016
1015,behind,1017
1016,liberal,1018
1017,except,1019
1018,scale,1020
1019,bill,1021
1020,operating,1022
1021,active,1023
1022,construction,1024
1023,institute,1025
1024,taking,1026
1025,pressure,1027
1026,san,1028
1027,experience,1029
1028,account,1030
1029,engine,1031
1030,brother,1032
1031,primarily,1033
1032,recorded,1034
1033,joseph,1035
1034,issue,1036
1035,professional,1037
1036,troops,1038
1037,notes,1039
1038,pope,1040
1039,centre,1041
1040,ice,1042
1041,orthodox,1043
1042,question,1044
1043,something,1045
1044,defense,1046
1045,accepted,1047
1046,grand,1048
1047,mathematics,1049
1048,event,1050
1049,resources,1051
1050,dr,1052
1051,egypt,1053
1052,derived,1054
1053,applied,1055
1054,paris,1056
1055,powers,1057
1056,running,1058
1057,stage,1059
1058,additional,1060
1059,shows,1061
1060,prince,1062
1061,placed,1063
1062,instance,1064
1063,creation,1065
1064,lived,1066
1065,freedom,1067
1066,alternative,1068
1067,http,1069
1068,hit,1070
1069,magazine,1071
1070,nobel,1072
1071,engineering,1073
1072,square,1074
1073,mainly,1075
1074,rise,1076
1075,hold,1077
1076,gold,1078
1077,pre,1079
1078,versions,1080
1079,road,1081
1080,report,1082
1081,test,1083
1082,operations,1084
1083,frac,1085
1084,older,1086
1085,arts,1087
1086,quite,1088
1087,applications,1089
1088,marriage,1090
1089,proposed,1091
1090,channel,1092
1091,shown,1093
1092,consists,1094
1093,bible,1095
1094,governor,1096
1095,police,1097
1096,articles,1098
1097,ocean,1099
1098,cost,1100
1099,writers,1101
1100,volume,1102
1101,previous,1103
1102,race,1104
1103,cells,1105
1104,scotland,1106
1105,levels,1107
1106,regions,1108
1107,quickly,1109
1108,properties,1110
1109,duke,1111
1110,normal,1112
1111,techniques,1113
1112,start,1114
1113,songs,1115
1114,ways,1116
1115,introduction,1117
1116,ability,1118
1117,communist,1119
1118,passed,1120
1119,navy,1121
1120,purpose,1122
1121,approximately,1123
1122,composer,1124
1123,equal,1125
1124,appointed,1126
1125,committee,1127
1126,ed,1128
1127,centuries,1129
1128,table,1130
1129,forced,1131
1130,lack,1132
1131,individuals,1133
1132,places,1134
1133,chicago,1135
1134,belief,1136
1135,consider,1137
1136,hebrew,1138
1137,refers,1139
1138,clear,1140
1139,values,1141
1140,dance,1142
1141,agreement,1143
1142,response,1144
1143,temperature,1145
1144,sexual,1146
1145,comes,1147
1146,faith,1148
1147,environment,1149
1148,paper,1150
1149,climate,1151
1150,carbon,1152
1151,daughter,1153
1152,electric,1154
1153,www,1155
1154,station,1156
1155,ad,1157
1156,speech,1158
1157,sex,1159
1158,ship,1160
1159,evolution,1161
1160,martin,1162
1161,microsoft,1163
1162,noted,1164
1163,usa,1165
1164,supported,1166
1165,via,1167
1166,industrial,1168
1167,border,1169
1168,feature,1170
1169,christianity,1171
1170,treatment,1172
1171,motion,1173
1172,management,1174
1173,computers,1175
1174,performed,1176
1175,summer,1177
1176,necessary,1178
1177,intended,1179
1178,miles,1180
1179,calendar,1181
1180,animal,1182
1181,remain,1183
1182,internal,1184
1183,disease,1185
1184,convention,1186
1185,wars,1187
1186,worked,1188
1187,flight,1189
1188,round,1190
1189,acts,1191
1190,kind,1192
1191,multiple,1193
1192,reading,1194
1193,labour,1195
1194,physics,1196
1195,speaking,1197
1196,users,1198
1197,signed,1199
1198,brown,1200
1199,critical,1201
1200,sir,1202
1201,bridge,1203
1202,mathematical,1204
1203,billion,1205
1204,sets,1206
1205,translation,1207
1206,regarded,1208
1207,branch,1209
1208,beyond,1210
1209,von,1211
1210,medicine,1212
1211,ethnic,1213
1212,polish,1214
1213,write,1215
1214,reached,1216
1215,location,1217
1216,conflict,1218
1217,province,1219
1218,sold,1220
1219,remaining,1221
1220,apple,1222
1221,financial,1223
1222,provides,1224
1223,approach,1225
1224,notably,1226
1225,am,1227
1226,administration,1228
1227,heart,1229
1228,stars,1230
1229,campaign,1231
1230,figure,1232
1231,joined,1233
1232,distribution,1234
1233,theories,1235
1234,port,1236
1235,cut,1237
1236,command,1238
1237,tree,1239
1238,models,1240
1239,influenced,1241
1240,distance,1242
1241,conservative,1243
1242,direction,1244
1243,kings,1245
1244,district,1246
1245,why,1247
1246,intelligence,1248
1247,greece,1249
1248,face,1250
1249,q,1251
1250,leaders,1252
1251,cold,1253
1252,guide,1254
1253,activity,1255
1254,humans,1256
1255,opposition,1257
1256,previously,1258
1257,executive,1259
1258,labor,1260
1259,poor,1261
1260,quality,1262
1261,needed,1263
1262,symbol,1264
1263,logic,1265
1264,extremely,1266
1265,completely,1267
1266,jean,1268
1267,loss,1269
1268,plan,1270
1269,regular,1271
1270,pacific,1272
1271,vote,1273
1272,contemporary,1274
1273,allows,1275
1274,department,1276
1275,advanced,1277
1276,edward,1278
1277,occur,1279
1278,powerful,1280
1279,secret,1281
1280,acid,1282
1281,actual,1283
1282,reported,1284
1283,content,1285
1284,unique,1286
1285,gives,1287
1286,poet,1288
1287,context,1289
1288,iron,1290
1289,stated,1291
1290,cover,1292
1291,becoming,1293
1292,poland,1294
1293,justice,1295
1294,prior,1296
1295,fourth,1297
1296,critics,1298
1297,turned,1299
1298,difference,1300
1299,met,1301
1300,weapons,1302
1301,dark,1303
1302,foundation,1304
1303,na,1305
1304,standards,1306
1305,episode,1307
1306,electronic,1308
1307,address,1309
1308,greatest,1310
1309,musician,1311
1310,usage,1312
1311,fields,1313
1312,featured,1314
1313,training,1315
1314,net,1316
1315,scholars,1317
1316,regional,1318
1317,hours,1319
1318,application,1320
1319,inside,1321
1320,unlike,1322
1321,formal,1323
1322,nd,1324
1323,win,1325
1324,describe,1326
1325,ships,1327
1326,sports,1328
1327,churches,1329
1328,resulting,1330
1329,moving,1331
1330,arabic,1332
1331,et,1333
1332,netherlands,1334
1333,carried,1335
1334,exchange,1336
1335,failed,1337
1336,reasons,1338
1337,brain,1339
1338,month,1340
1339,shot,1341
1340,continue,1342
1341,responsible,1343
1342,nor,1344
1343,going,1345
1344,format,1346
1345,spread,1347
1346,opposed,1348
1347,org,1349
1348,universal,1350
1349,supreme,1351
1350,scottish,1352
1351,mexico,1353
1352,architecture,1354
1353,starting,1355
1354,somewhat,1356
1355,decision,1357
1356,islamic,1358
1357,argument,1359
1358,oxford,1360
1359,berlin,1361
1360,activities,1362
1361,keep,1363
1362,views,1364
1363,materials,1365
1364,spoken,1366
1365,biography,1367
1366,potential,1368
1367,technical,1369
1368,pass,1370
1369,kong,1371
1370,follows,1372
1371,declared,1373
1372,attempts,1374
1373,voice,1375
1374,hands,1376
1375,transport,1377
1376,spirit,1378
1377,indeed,1379
1378,artist,1380
1379,deal,1381
1380,generation,1382
1381,contain,1383
1382,constant,1384
1383,heat,1385
1384,charge,1386
1385,composed,1387
1386,growing,1388
1387,ended,1389
1388,appearance,1390
1389,cambridge,1391
1390,geography,1392
1391,represented,1393
1392,le,1394
1393,flag,1395
1394,encyclopedia,1396
1395,increasing,1397
1396,possibly,1398
1397,families,1399
1398,seems,1400
1399,el,1401
1400,friends,1402
1401,mission,1403
1402,los,1404
1403,dna,1405
1404,upper,1406
1405,look,1407
1406,stations,1408
1407,easily,1409
1408,card,1410
1409,principle,1411
1410,academy,1412
1411,identity,1413
1412,equipment,1414
1413,armed,1415
1414,giving,1416
1415,arab,1417
1416,die,1418
1417,global,1419
1418,master,1420
1419,christians,1421
1420,extended,1422
1421,announced,1423
1422,reform,1424
1423,positive,1425
1424,comic,1426
1425,muslim,1427
1426,causes,1428
1427,compared,1429
1428,income,1430
1429,choice,1431
1430,arthur,1432
1431,technique,1433
1432,golden,1434
1433,string,1435
1434,cup,1436
1435,protection,1437
1436,attacks,1438
1437,decided,1439
1438,plant,1440
1439,serious,1441
1440,sign,1442
1441,prevent,1443
1442,immediately,1444
1443,winter,1445
1444,feet,1446
1445,medieval,1447
1446,fully,1448
1447,efforts,1449
1448,initially,1450
1449,directed,1451
1450,organizations,1452
1451,exists,1453
1452,extensive,1454
1453,traditionally,1455
1454,airport,1456
1455,presence,1457
1456,equivalent,1458
1457,plants,1459
1458,negative,1460
1459,search,1461
1460,argued,1462
1461,deep,1463
1462,fans,1464
1463,austria,1465
1464,link,1466
1465,follow,1467
1466,controlled,1468
1467,alone,1469
1468,valley,1470
1469,combined,1471
1470,signal,1472
1471,occurs,1473
1472,proved,1474
1473,drive,1475
1474,understanding,1476
1475,imperial,1477
1476,linear,1478
1477,bay,1479
1478,differences,1480
1479,student,1481
1480,van,1482
1481,stone,1483
1482,useful,1484
1483,situation,1485
1484,share,1486
1485,serve,1487
1486,distinct,1488
1487,classic,1489
1488,iv,1490
1489,allowing,1491
1490,effective,1492
1491,mentioned,1493
1492,solution,1494
1493,drug,1495
1494,require,1496
1495,measure,1497
1496,expected,1498
1497,boy,1499
1498,urban,1500
1499,device,1501
1500,citizens,1502
1501,initial,1503
1502,classes,1504
1503,debate,1505
1504,guitar,1506
1505,secretary,1507
1506,communities,1508
1507,victory,1509
1508,portuguese,1510
1509,gained,1511
1510,let,1512
1511,nothing,1513
1512,artists,1514
1513,commission,1515
1514,recognized,1516
1515,horse,1517
1516,relative,1518
1517,judaism,1519
1518,ford,1520
1519,bass,1521
1520,entirely,1522
1521,teams,1523
1522,actions,1524
1523,conference,1525
1524,weight,1526
1525,fish,1527
1526,hill,1528
1527,represent,1529
1528,politician,1530
1529,begins,1531
1530,completed,1532
1531,writings,1533
1532,gdp,1534
1533,wing,1535
1534,otherwise,1536
1535,unknown,1537
1536,aid,1538
1537,ruled,1539
1538,sites,1540
1539,journal,1541
1540,audio,1542
1541,finland,1543
1542,cards,1544
1543,domestic,1545
1544,behavior,1546
1545,connected,1547
1546,arms,1548
1547,reaction,1549
1548,earliest,1550
1549,controversy,1551
1550,mountain,1552
1551,suggested,1553
1552,trial,1554
1553,attention,1555
1554,containing,1556
1555,workers,1557
1556,principles,1558
1557,sequence,1559
1558,un,1560
1559,host,1561
1560,jerusalem,1562
1561,literary,1563
1562,cycle,1564
1563,fuel,1565
1564,officially,1566
1565,reduced,1567
1566,scientists,1568
1567,travel,1569
1568,figures,1570
1569,americans,1571
1570,prominent,1572
1571,popularity,1573
1572,fighting,1574
1573,lincoln,1575
1574,scene,1576
1575,instruments,1577
1576,structures,1578
1577,ones,1579
1578,increasingly,1580
1579,frank,1581
1580,iraq,1582
1581,requires,1583
1582,tend,1584
1583,entry,1585
1584,typical,1586
1585,temple,1587
1586,israeli,1588
1587,statement,1589
1588,track,1590
1589,discussion,1591
1590,says,1592
1591,jack,1593
1592,lives,1594
1593,daily,1595
1594,contrast,1596
1595,goal,1597
1596,frequency,1598
1597,specifically,1599
1598,rd,1600
1599,impact,1601
1600,winning,1602
1601,fast,1603
1602,review,1604
1603,atlantic,1605
1604,images,1606
1605,texas,1607
1606,description,1608
1607,depending,1609
1608,senate,1610
1609,dynasty,1611
1610,rich,1612
1611,domain,1613
1612,criticism,1614
1613,islam,1615
1614,importance,1616
1615,inspired,1617
1616,begin,1618
1617,destroyed,1619
1618,price,1620
1619,friend,1621
1620,jones,1622
1621,contact,1623
1622,mm,1624
1623,entered,1625
1624,devices,1626
1625,closely,1627
1626,invasion,1628
1627,texts,1629
1628,background,1630
1629,mountains,1631
1630,toward,1632
1631,closed,1633
1632,corporation,1634
1633,wall,1635
1634,removed,1636
1635,afghanistan,1637
1636,mythology,1638
1637,zealand,1639
1638,killing,1640
1639,rare,1641
1640,apollo,1642
1641,jazz,1643
1642,helped,1644
1643,hong,1645
1644,slightly,1646
1645,quantum,1647
1646,runs,1648
1647,hot,1649
1648,presidential,1650
1649,attempted,1651
1650,boston,1652
1651,asked,1653
1652,kept,1654
1653,fixed,1655
1654,dictionary,1656
1655,agreed,1657
1656,plays,1658
1657,bishop,1659
1658,alphabet,1660
1659,determined,1661
1660,sweden,1662
1661,buildings,1663
1662,traditions,1664
1663,reign,1665
1664,existing,1666
1665,communications,1667
1666,violence,1668
1667,ages,1669
1668,phase,1670
1669,hydrogen,1671
1670,controversial,1672
1671,meant,1673
1672,formation,1674
1673,twenty,1675
1674,thousands,1676
1675,agriculture,1677
1676,resulted,1678
1677,movies,1679
1678,occurred,1680
1679,focus,1681
1680,offered,1682
1681,estimated,1683
1682,heavily,1684
1683,discovery,1685
1684,mi,1686
1685,tour,1687
1686,comics,1688
1687,zone,1689
1688,ring,1690
1689,connection,1691
1690,develop,1692
1691,governments,1693
1692,aspects,1694
1693,argue,1695
1694,damage,1696
1695,austrian,1697
1696,albert,1698
1697,ibm,1699
1698,factors,1700
1699,avoid,1701
1700,combination,1702
1701,combat,1703
1702,pro,1704
1703,affairs,1705
1704,novels,1706
1705,sum,1707
1706,expansion,1708
1707,doctrine,1709
1708,competition,1710
1709,hungary,1711
1710,leadership,1712
1711,category,1713
1712,flow,1714
1713,week,1715
1714,genetic,1716
1715,soldiers,1717
1716,leaving,1718
1717,opened,1719
1718,os,1720
1719,reports,1721
1720,holds,1722
1721,mac,1723
1722,territories,1724
1723,jackson,1725
1724,step,1726
1725,algorithm,1727
1726,stop,1728
1727,truth,1729
1728,reality,1730
1729,theorem,1731
1730,fell,1732
1731,room,1733
1732,origins,1734
1733,bob,1735
1734,effort,1736
1735,care,1737
1736,instrument,1738
1737,crown,1739
1738,defeated,1740
1739,democracy,1741
1740,concepts,1742
1741,hence,1743
1742,picture,1744
1743,permanent,1745
1744,nazi,1746
1745,protocol,1747
1746,gun,1748
1747,wikipedia,1749
1748,tried,1750
1749,fundamental,1751
1750,professor,1752
1751,planet,1753
1752,christmas,1754
1753,communication,1755
1754,told,1756
1755,topics,1757
1756,presented,1758
1757,identified,1759
1758,beliefs,1760
1759,statistics,1761
1760,normally,1762
1761,opening,1763
1762,spent,1764
1763,constitutional,1765
1764,columbia,1766
1765,annual,1767
1766,subsequent,1768
1767,evil,1769
1768,extreme,1770
1769,testament,1771
1770,continues,1772
1771,details,1773
1772,gods,1774
1773,supply,1775
1774,institutions,1776
1775,formula,1777
1776,moral,1778
1777,grew,1779
1778,learning,1780
1779,currency,1781
1780,disk,1782
1781,actors,1783
1782,wanted,1784
1783,fight,1785
1784,defeat,1786
1785,pronounced,1787
1786,creating,1788
1787,subsequently,1789
1788,break,1790
1789,output,1791
1790,marked,1792
1791,goods,1793
1792,leave,1794
1793,hardware,1795
1794,cd,1796
1795,broadcast,1797
1796,bond,1798
1797,thing,1799
1798,environmental,1800
1799,goes,1801
1800,none,1802
1801,decades,1803
1802,forward,1804
1803,expressed,1805
1804,risk,1806
1805,reach,1807
1806,machines,1808
1807,processes,1809
1808,bodies,1810
1809,census,1811
1810,think,1812
1811,lists,1813
1812,glass,1814
1813,organized,1815
1814,pages,1816
1815,murder,1817
1816,vice,1818
1817,angeles,1819
1818,movements,1820
1819,bush,1821
1820,cultures,1822
1821,respect,1823
1822,meeting,1824
1823,roughly,1825
1824,stand,1826
1825,fictional,1827
1826,condition,1828
1827,interpretation,1829
1828,fantasy,1830
1829,historians,1831
1830,policies,1832
1831,questions,1833
1832,display,1834
1833,copyright,1835
1834,founder,1836
1835,maintain,1837
1836,lee,1838
1837,mode,1839
1838,positions,1840
1839,fame,1841
1840,import,1842
1841,carry,1843
1842,chosen,1844
1843,linux,1845
1844,swedish,1846
1845,advantage,1847
1846,raised,1848
1847,observed,1849
1848,receive,1850
1849,formerly,1851
1850,philosopher,1852
1851,atoms,1853
1852,server,1854
1853,jpg,1855
1854,sides,1856
1855,brothers,1857
1856,shortly,1858
1857,resistance,1859
1858,translated,1860
1859,database,1861
1860,super,1862
1861,ch,1863
1862,administrative,1864
1863,message,1865
1864,parents,1866
1865,considerable,1867
1866,shape,1868
1867,target,1869
1868,bad,1870
1869,build,1871
1870,extent,1872
1871,plane,1873
1872,understand,1874
1873,tribes,1875
1874,regarding,1876
1875,mobile,1877
1876,tower,1878
1877,spring,1879
1878,greatly,1880
1879,studied,1881
1880,brazil,1882
1881,tax,1883
1882,transportation,1884
1883,characteristics,1885
1884,wood,1886
1885,railway,1887
1886,screen,1888
1887,needs,1889
1888,equation,1890
1889,piece,1891
1890,chapter,1892
1891,failure,1893
1892,persian,1894
1893,revolutionary,1895
1894,respectively,1896
1895,stock,1897
1896,ordered,1898
1897,pay,1899
1898,chemistry,1900
1899,proper,1901
1900,split,1902
1901,dog,1903
1902,economics,1904
1903,owned,1905
1904,wave,1906
1905,rates,1907
1906,johnson,1908
1907,doctor,1909
1908,projects,1910
1909,iran,1911
1910,pp,1912
1911,peoples,1913
1912,philosophical,1914
1913,match,1915
1914,captain,1916
1915,asian,1917
1916,bring,1918
1917,minutes,1919
1918,symbols,1920
1919,settlement,1921
1920,bar,1922
1921,relation,1923
1922,covered,1924
1923,seats,1925
1924,awarded,1926
1925,launched,1927
1926,representation,1928
1927,neither,1929
1928,crime,1930
1929,percent,1931
1930,refused,1932
1931,naval,1933
1932,sister,1934
1933,gain,1935
1934,describes,1936
1935,whereas,1937
1936,ends,1938
1937,perform,1939
1938,satellite,1940
1939,semi,1941
1940,korea,1942
1941,staff,1943
1942,expression,1944
1943,wild,1945
1944,processing,1946
1945,coming,1947
1946,wales,1948
1947,academic,1949
1948,pieces,1950
1949,comedy,1951
1950,drugs,1952
1951,chain,1953
1952,occasionally,1954
1953,manner,1955
1954,purposes,1956
1955,meet,1957
1956,producer,1958
1957,protestant,1959
1958,mixed,1960
1959,strength,1961
1960,counter,1962
1961,ray,1963
1962,storage,1964
1963,anything,1965
1964,felt,1966
1965,parallel,1967
1966,mental,1968
1967,spiritual,1969
1968,occupied,1970
1969,mr,1971
1970,foot,1972
1971,practical,1973
1972,count,1974
1973,towns,1975
1974,saying,1976
1975,easy,1977
1976,electrical,1978
1977,enemy,1979
1978,speak,1980
1979,inhabitants,1981
1980,plans,1982
1981,medium,1983
1982,courts,1984
1983,quarter,1985
1984,village,1986
1985,persons,1987
1986,layer,1988
1987,factor,1989
1988,degrees,1990
1989,granted,1991
1990,fifth,1992
1991,seat,1993
1992,dialects,1994
1993,sport,1995
1994,pattern,1996
1995,binary,1997
1996,weeks,1998
1997,composition,1999
1998,got,2000
1999,michigan,2001
2000,selected,2002
2001,pop,2003
2002,widespread,2004
2003,algebra,2005
2004,magnetic,2006
2005,blues,2007
2006,alliance,2008
2007,festival,2009
2008,ft,2010
2009,speakers,2011
2010,authors,2012
2011,crew,2013
2012,core,2014
2013,folk,2015
2014,commonwealth,2016
2015,legislative,2017
2016,accept,2018
2017,similarly,2019
2018,divine,2020
2019,achieved,2021
2020,determine,2022
2021,someone,2023
2022,particles,2024
2023,sector,2025
2024,density,2026
2025,influential,2027
2026,dispute,2028
2027,criminal,2029
2028,newspaper,2030
2029,supporters,2031
2030,solar,2032
2031,elizabeth,2033
2032,contract,2034
2033,offer,2035
2034,traffic,2036
2035,orders,2037
2036,houses,2038
2037,rivers,2039
2038,awards,2040
2039,principal,2041
2040,der,2042
2041,worldwide,2043
2042,hitler,2044
2043,files,2045
2044,teaching,2046
2045,apparently,2047
2046,des,2048
2047,gospel,2049
2048,titles,2050
2049,clearly,2051
2050,providing,2052
2051,universities,2053
2052,hungarian,2054
2053,publication,2055
2054,suffered,2056
2055,electricity,2057
2056,camp,2058
2057,cars,2059
2058,doing,2060
2059,crisis,2061
2060,false,2062
2061,issued,2063
2062,perfect,2064
2063,circle,2065
2064,interface,2066
2065,denmark,2067
2066,legend,2068
2067,nfl,2069
2068,nevertheless,2070
2069,ultimately,2071
2070,solid,2072
2071,contained,2073
2072,extra,2074
2073,surrounding,2075
2074,throne,2076
2075,setting,2077
2076,sort,2078
2077,standing,2079
2078,oldest,2080
2079,safety,2081
2080,jordan,2082
2081,measures,2083
2082,plus,2084
2083,danish,2085
2084,agricultural,2086
2085,pictures,2087
2086,practices,2088
2087,showing,2089
2088,commander,2090
2089,strip,2091
2090,block,2092
2091,maps,2093
2092,fan,2094
2093,recording,2095
2094,maximum,2096
2095,gulf,2097
2096,celtic,2098
2097,add,2099
2098,distinction,2100
2099,correct,2101
2100,atomic,2102
2101,reduce,2103
2102,secondary,2104
2103,everything,2105
2104,lies,2106
2105,root,2107
2106,linked,2108
2107,virginia,2109
2108,genre,2110
2109,jr,2111
2110,lands,2112
2111,sons,2113
2112,marine,2114
2113,limit,2115
2114,taught,2116
2115,producing,2117
2116,pure,2118
2117,bwv,2119
2118,huge,2120
2119,engines,2121
2120,sought,2122
2121,shared,2123
2122,agency,2124
2123,steel,2125
2124,cable,2126
2125,mechanics,2127
2126,strongly,2128
2127,accounts,2129
2128,eye,2130
2129,capable,2131
2130,classification,2132
2131,palace,2133
2132,constructed,2134
2133,egyptian,2135
2134,document,2136
2135,religions,2137
2136,resolution,2138
2137,hundred,2139
2138,box,2140
2139,unable,2141
2140,showed,2142
2141,francis,2143
2142,components,2144
2143,muslims,2145
2144,molecules,2146
2145,sciences,2147
2146,radiation,2148
2147,massive,2149
2148,hour,2150
2149,pc,2151
2150,want,2152
2151,ending,2153
2152,mount,2154
2153,judge,2155
2154,opposite,2156
2155,historically,2157
2156,input,2158
2157,continuous,2159
2158,detailed,2160
2159,cast,2161
2160,ministers,2162
2161,shall,2163
2162,vast,2164
2163,alcohol,2165
2164,bus,2166
2165,involves,2167
2166,biology,2168
2167,invented,2169
2168,represents,2170
2169,republican,2171
2170,computing,2172
2171,proof,2173
2172,multi,2174
2173,rejected,2175
2174,succeeded,2176
2175,rarely,2177
2176,expanded,2178
2177,flat,2179
2178,civilization,2180
2179,capacity,2181
2180,documents,2182
2181,impossible,2183
2182,alpha,2184
2183,illinois,2185
2184,lewis,2186
2185,dates,2187
2186,destruction,2188
2187,slow,2189
2188,planned,2190
2189,biological,2191
2190,bottom,2192
2191,championship,2193
2192,theatre,2194
2193,networks,2195
2194,phrase,2196
2195,provinces,2197
2196,francisco,2198
2197,indicate,2199
2198,ratio,2200
2199,molecular,2201
2200,paid,2202
2201,tools,2203
2202,license,2204
2203,route,2205
2204,honor,2206
2205,sub,2207
2206,hollywood,2208
2207,progress,2209
2208,brief,2210
2209,vol,2211
2210,trees,2212
2211,theme,2213
2212,societies,2214
2213,mail,2215
2214,managed,2216
2215,continental,2217
2216,essential,2218
2217,essentially,2219
2218,manager,2220
2219,rail,2221
2220,settled,2222
2221,poetry,2223
2222,turkey,2224
2223,pakistan,2225
2224,viewed,2226
2225,harvard,2227
2226,merely,2228
2227,investment,2229
2228,castle,2230
2229,job,2231
2230,fine,2232
2231,authorities,2233
2232,visit,2234
2233,turkish,2235
2234,understood,2236
2235,ca,2237
2236,eu,2238
2237,captured,2239
2238,fought,2240
2239,severe,2241
2240,transfer,2242
2241,developing,2243
2242,del,2244
2243,colonies,2245
2244,lady,2246
2245,studio,2247
2246,html,2248
2247,depression,2249
2248,kill,2250
2249,gay,2251
2250,wind,2252
2251,caesar,2253
2252,candidate,2254
2253,magic,2255
2254,exports,2256
2255,seem,2257
2256,interests,2258
2257,store,2259
2258,portion,2260
2259,visible,2261
2260,assumed,2262
2261,publishing,2263
2262,editor,2264
2263,exactly,2265
2264,newton,2266
2265,edge,2267
2266,lebanon,2268
2267,weapon,2269
2268,really,2270
2269,directory,2271
2270,fair,2272
2271,dedicated,2273
2272,intellectual,2274
2273,daniel,2275
2274,twelve,2276
2275,significantly,2277
2276,absolute,2278
2277,demand,2279
2278,strategy,2280
2279,obtained,2281
2280,clinton,2282
2281,liquid,2283
2282,florida,2284
2283,plot,2285
2284,java,2286
2285,equations,2287
2286,stadium,2288
2287,desert,2289
2288,artificial,2290
2289,variations,2291
2290,drawn,2292
2291,vector,2293
2292,designs,2294
2293,rose,2295
2294,ran,2296
2295,regard,2297
2296,feel,2298
2297,train,2299
2298,forest,2300
2299,overall,2301
2300,representatives,2302
2301,maintained,2303
2302,bear,2304
2303,arrived,2305
2304,mechanical,2306
2305,jim,2307
2306,philosophers,2308
2307,items,2309
2308,fear,2310
2309,logical,2311
2310,hop,2312
2311,darwin,2313
2312,vary,2314
2313,portugal,2315
2314,guinea,2316
2315,featuring,2317
2316,acting,2318
2317,improved,2319
2318,dominant,2320
2319,causing,2321
2320,modified,2322
2321,bell,2323
2322,dry,2324
2323,enter,2325
2324,cia,2326
2325,officer,2327
2326,path,2328
2327,iso,2329
2328,korean,2330
2329,andrew,2331
2330,tom,2332
2331,minority,2333
2332,occupation,2334
2333,apart,2335
2334,thousand,2336
2335,infinite,2337
2336,oxygen,2338
2337,mathbf,2339
2338,straight,2340
2339,rapidly,2341
2340,revealed,2342
2341,vietnam,2343
2342,heaven,2344
2343,saints,2345
2344,gene,2346
2345,colonial,2347
2346,define,2348
2347,fleet,2349
2348,socialist,2350
2349,kansas,2351
2350,protect,2352
2351,exception,2353
2352,psychology,2354
2353,twice,2355
2354,circuit,2356
2355,cancer,2357
2356,membership,2358
2357,stephen,2359
2358,holding,2360
2359,musicians,2361
2360,soul,2362
2361,index,2363
2362,flying,2364
2363,protein,2365
2364,fashion,2366
2365,exact,2367
2366,indo,2368
2367,recognition,2369
2368,physicist,2370
2369,distributed,2371
2370,listed,2372
2371,apply,2373
2372,ago,2374
2373,virtual,2375
2374,inc,2376
2375,massachusetts,2377
2376,mars,2378
2377,adam,2379
2378,colony,2380
2379,agent,2381
2380,electron,2382
2381,cabinet,2383
2382,extension,2384
2383,separated,2385
2384,coach,2386
2385,forum,2387
2386,coalition,2388
2387,visual,2389
2388,scott,2390
2389,adult,2391
2390,periods,2392
2391,suggests,2393
2392,davis,2394
2393,dominated,2395
2394,employed,2396
2395,hero,2397
2396,reputation,2398
2397,looking,2399
2398,literally,2400
2399,existed,2401
2400,entitled,2402
2401,selection,2403
2402,males,2404
2403,changing,2405
2404,defence,2406
2405,subjects,2407
2406,alfred,2408
2407,grammar,2409
2408,younger,2410
2409,interview,2411
2410,experiment,2412
2411,opinion,2413
2412,howard,2414
2413,jersey,2415
2414,stable,2416
2415,tourism,2417
2416,expensive,2418
2417,publications,2419
2418,finite,2420
2419,radical,2421
2420,audience,2422
2421,pair,2423
2422,decline,2424
2423,mainstream,2425
2424,sky,2426
2425,bits,2427
2426,franklin,2428
2427,bands,2429
2428,necessarily,2430
2429,contributed,2431
2430,effectively,2432
2431,cuba,2433
2432,vi,2434
2433,express,2435
2434,concerning,2436
2435,opera,2437
2436,adams,2438
2437,sounds,2439
2438,choose,2440
2439,broad,2441
2440,historian,2442
2441,signs,2443
2442,mathematician,2444
2443,allied,2445
2444,vehicle,2446
2445,executed,2447
2446,joint,2448
2447,calls,2449
2448,romans,2450
2449,moore,2451
2450,guard,2452
2451,try,2453
2452,affected,2454
2453,eyes,2455
2454,germanic,2456
2455,samuel,2457
2456,atmosphere,2458
2457,yellow,2459
2458,formally,2460
2459,error,2461
2460,vehicles,2462
2461,painter,2463
2462,kennedy,2464
2463,hockey,2465
2464,belgium,2466
2465,albums,2467
2466,hundreds,2468
2467,evolved,2469
2468,philip,2470
2469,trying,2471
2470,husband,2472
2471,compounds,2473
2472,committed,2474
2473,ministry,2475
2474,federation,2476
2475,roots,2477
2476,heard,2478
2477,concerned,2479
2478,coup,2480
2479,temperatures,2481
2480,stands,2482
2481,matters,2483
2482,historic,2484
2483,cape,2485
2484,dvd,2486
2485,underground,2487
2486,attributed,2488
2487,apparent,2489
2488,clock,2490
2489,georgia,2491
2490,officials,2492
2491,instruction,2493
2492,rapid,2494
2493,youth,2495
2494,broken,2496
2495,graphics,2497
2496,carl,2498
2497,broke,2499
2498,prices,2500
2499,treated,2501
2500,residents,2502
2501,nearby,2503
2502,score,2504
2503,kg,2505
2504,else,2506
2505,consciousness,2507
2506,patterns,2508
2507,identical,2509
2508,faster,2510
2509,supporting,2511
2510,gender,2512
2511,relationships,2513
2512,establishment,2514
2513,leads,2515
2514,wealth,2516
2515,learn,2517
2516,chance,2518
2517,grant,2519
2518,join,2520
2519,amounts,2521
2520,renamed,2522
2521,earl,2523
2522,incorporated,2524
2523,fox,2525
2524,serving,2526
2525,silver,2527
2526,warfare,2528
2527,styles,2529
2528,involving,2530
2529,strike,2531
2530,successor,2532
2531,officers,2533
2532,ottoman,2534
2533,beer,2535
2534,russell,2536
2535,banks,2537
2536,lakes,2538
2537,mediterranean,2539
2538,favor,2540
2539,dc,2541
2540,lunar,2542
2541,conventional,2543
2542,height,2544
2543,budget,2545
2544,sales,2546
2545,appeal,2547
2546,regime,2548
2547,decade,2549
2548,poem,2550
2549,disc,2551
2550,leaves,2552
2551,donald,2553
2552,judicial,2554
2553,inner,2555
2554,variable,2556
2555,ordinary,2557
2556,indiana,2558
2557,norway,2559
2558,logo,2560
2559,unusual,2561
2560,costs,2562
2561,biblical,2563
2562,partly,2564
2563,chamber,2565
2564,unless,2566
2565,lie,2567
2566,talk,2568
2567,achieve,2569
2568,episodes,2570
2569,particle,2571
2570,da,2572
2571,trading,2573
2572,declaration,2574
2573,gradually,2575
2574,frame,2576
2575,parliamentary,2577
2576,concentration,2578
2577,fort,2579
2578,legislation,2580
2579,finished,2581
2580,stalin,2582
2581,notion,2583
2582,meters,2584
2583,cult,2585
2584,random,2586
2585,acquired,2587
2586,script,2588
2587,prison,2589
2588,girl,2590
2589,suggest,2591
2590,educational,2592
2591,dialect,2593
2592,comparison,2594
2593,consumption,2595
2594,mike,2596
2595,opponents,2597
2596,distinguished,2598
2597,czech,2599
2598,roll,2600
2599,advance,2601
2600,cat,2602
2601,racing,2603
2602,dangerous,2604
2603,component,2605
2604,joe,2606
2605,byzantine,2607
2606,peninsula,2608
2607,categories,2609
2608,draw,2610
2609,reforms,2611
2610,rural,2612
2611,consisting,2613
2612,anglo,2614
2613,answer,2615
2614,anyone,2616
2615,suicide,2617
2616,substance,2618
2617,finnish,2619
2618,succession,2620
2619,balance,2621
2620,manufacturing,2622
2621,rulers,2623
2622,intelligent,2624
2623,sections,2625
2624,characteristic,2626
2625,successfully,2627
2626,newly,2628
2627,hair,2629
2628,dimensional,2630
2629,mayor,2631
2630,demographics,2632
2631,walls,2633
2632,converted,2634
2633,harry,2635
2634,abandoned,2636
2635,rank,2637
2636,adding,2638
2637,vowel,2639
2638,collected,2640
2639,champion,2641
2640,concerns,2642
2641,fit,2643
2642,branches,2644
2643,codes,2645
2644,selling,2646
2645,theology,2647
2646,birds,2648
2647,prayer,2649
2648,interesting,2650
2649,vs,2651
2650,telephone,2652
2651,drawing,2653
2652,markets,2654
2653,conversion,2655
2654,vision,2656
2655,alternate,2657
2656,notation,2658
2657,knights,2659
2658,phenomenon,2660
2659,williams,2661
2660,learned,2662
2661,stored,2663
2662,indigenous,2664
2663,edited,2665
2664,patients,2666
2665,possibility,2667
2666,heads,2668
2667,onto,2669
2668,steve,2670
2669,threat,2671
2670,escape,2672
2671,boys,2673
2672,accurate,2674
2673,simon,2675
2674,task,2676
2675,swiss,2677
2676,worship,2678
2677,lowest,2679
2678,substantial,2680
2679,bce,2681
2680,superior,2682
2681,hell,2683
2682,einstein,2684
2683,classified,2685
2684,ethics,2686
2685,orbit,2687
2686,divisions,2688
2687,establish,2689
2688,measured,2690
2689,caribbean,2691
2690,olympic,2692
2691,atari,2693
2692,sufficient,2694
2693,intel,2695
2694,allies,2696
2695,conducted,2697
2696,limits,2698
2697,attended,2699
2698,weak,2700
2699,guns,2701
2700,verb,2702
2701,probability,2703
2702,teacher,2704
2703,weather,2705
2704,axis,2706
2705,capture,2707
2706,experienced,2708
2707,struggle,2709
2708,save,2710
2709,passing,2711
2710,hope,2712
2711,offensive,2713
2712,cinema,2714
2713,organisms,2715
2714,operated,2716
2715,emperors,2717
2716,appropriate,2718
2717,di,2719
2718,concert,2720
2719,spectrum,2721
2720,tell,2722
2721,oriented,2723
2722,berkeley,2724
2723,moment,2725
2724,complexity,2726
2725,alan,2727
2726,implementation,2728
2727,lords,2729
2728,holiday,2730
2729,arguments,2731
2730,dollar,2732
2731,violent,2733
2732,copy,2734
2733,genus,2735
2734,interior,2736
2735,compression,2737
2736,geometry,2738
2737,experiments,2739
2738,indonesia,2740
2739,explained,2741
2740,accused,2742
2741,ruth,2743
2742,bomb,2744
2743,corresponding,2745
2744,sin,2746
2745,dependent,2747
2746,painting,2748
2747,mechanism,2749
2748,campus,2750
2749,max,2751
2750,capitalism,2752
2751,minimum,2753
2752,furthermore,2754
2753,giant,2755
2754,calling,2756
2755,walter,2757
2756,functional,2758
2757,label,2759
2758,aids,2760
2759,abraham,2761
2760,industries,2762
2761,inflation,2763
2762,themes,2764
2763,explain,2765
2764,switzerland,2766
2765,strings,2767
2766,charged,2768
2767,lot,2769
2768,alleged,2770
2769,lyrics,2771
2770,karl,2772
2771,infantry,2773
2772,muhammad,2774
2773,priest,2775
2774,perceived,2776
2775,corporate,2777
2776,pennsylvania,2778
2777,instructions,2779
2778,martial,2780
2779,buried,2781
2780,circumstances,2782
2781,brian,2783
2782,proteins,2784
2783,falls,2785
2784,myth,2786
2785,fellow,2787
2786,frequent,2788
2787,cuisine,2789
2788,preferred,2790
2789,scientist,2791
2790,tone,2792
2791,integrated,2793
2792,begun,2794
2793,replace,2795
2794,visited,2796
2795,il,2797
2796,generated,2798
2797,facts,2799
2798,organic,2800
2799,mouse,2801
2800,platform,2802
2801,fairly,2803
2802,approved,2804
2803,assigned,2805
2804,carrier,2806
2805,finding,2807
2806,dropped,2808
2807,wilson,2809
2808,leap,2810
2809,ben,2811
2810,batman,2812
2811,manchester,2813
2812,laureate,2814
2813,desire,2815
2814,launch,2816
2815,amongst,2817
2816,coastal,2818
2817,colleges,2819
2818,bruce,2820
2819,colors,2821
2820,baltic,2822
2821,argentina,2823
2822,douglas,2824
2823,wrong,2825
2824,garden,2826
2825,skills,2827
2826,moves,2828
2827,mississippi,2829
2828,mouth,2830
2829,alexandria,2831
2830,pdf,2832
2831,roles,2833
2832,gnu,2834
2833,forming,2835
2834,greeks,2836
2835,ohio,2837
2836,heritage,2838
2837,diseases,2839
2838,transmission,2840
2839,abstract,2841
2840,chairman,2842
2841,norwegian,2843
2842,statements,2844
2843,retired,2845
2844,request,2846
2845,voting,2847
2846,increases,2848
2847,arm,2849
2848,velocity,2850
2849,illegal,2851
2850,syria,2852
2851,beings,2853
2852,narrow,2854
2853,thinking,2855
2854,influences,2856
2855,moscow,2857
2856,roosevelt,2858
2857,mexican,2859
2858,votes,2860
2859,characterized,2861
2860,missile,2862
2861,founding,2863
2862,spaces,2864
2863,aspect,2865
2864,missouri,2866
2865,memorial,2867
2866,virtually,2868
2867,pilot,2869
2868,profile,2870
2869,du,2871
2870,experimental,2872
2871,soil,2873
2872,bonds,2874
2873,charges,2875
2874,explanation,2876
2875,poems,2877
2876,tracks,2878
2877,ruler,2879
2878,institution,2880
2879,goddess,2881
2880,agents,2882
2881,airlines,2883
2882,assistance,2884
2883,bacteria,2885
2884,chess,2886
2885,researchers,2887
2886,documentary,2888
2887,testing,2889
2888,ip,2890
2889,theoretical,2891
2890,en,2892
2891,ll,2893
2892,aim,2894
2893,hole,2895
2894,gary,2896
2895,supposed,2897
2896,bound,2898
2897,constantine,2899
2898,monster,2900
2899,columbus,2901
2900,delta,2902
2901,definitions,2903
2902,depth,2904
2903,piano,2905
2904,closer,2906
2905,requirements,2907
2906,legacy,2908
2907,hindu,2909
2908,elsewhere,2910
2909,maria,2911
2910,clubs,2912
2911,meat,2913
2912,steps,2914
2913,ensure,2915
2914,depends,2916
2915,preserved,2917
2916,boundaries,2918
2917,spelling,2919
2918,facilities,2920
2919,prove,2921
2920,algorithms,2922
2921,perspective,2923
2922,rising,2924
2923,tropical,2925
2924,northwest,2926
2925,borders,2927
2926,transition,2928
2927,waves,2929
2928,efficient,2930
2929,engineer,2931
2930,door,2932
2931,tool,2933
2932,luther,2934
2933,keyboard,2935
2934,orange,2936
2935,pierre,2937
2936,attached,2938
2937,canal,2939
2938,soft,2940
2939,produces,2941
2940,reserve,2942
2941,coal,2943
2942,signals,2944
2943,electrons,2945
2944,driven,2946
2945,downtown,2947
2946,symptoms,2948
2947,passage,2949
2948,improve,2950
2949,partial,2951
2950,hits,2952
2951,variant,2953
2952,resource,2954
2953,hip,2955
2954,fruit,2956
2955,attacked,2957
2956,imports,2958
2957,metropolitan,2959
2958,node,2960
2959,technologies,2961
2960,entertainment,2962
2961,usual,2963
2962,winner,2964
2963,emerged,2965
2964,additionally,2966
2965,profit,2967
2966,hospital,2968
2967,ideal,2969
2968,salt,2970
2969,shift,2971
2970,sword,2972
2971,laboratory,2973
2972,populations,2974
2973,bird,2975
2974,rice,2976
2975,tests,2977
2976,gravity,2978
2977,consumer,2979
2978,germans,2980
2979,bowl,2981
2980,marx,2982
2981,mainland,2983
2982,opponent,2984
2983,evolutionary,2985
2984,bears,2986
2985,followers,2987
2986,printed,2988
2987,tales,2989
2988,agree,2990
2989,continent,2991
2990,calculus,2992
2991,cpu,2993
2992,emphasis,2994
2993,planning,2995
2994,diamond,2996
2995,frederick,2997
2996,ex,2998
2997,shaped,2999
2998,print,3000
2999,starring,3001
3000,scheme,3002
3001,constantinople,3003
3002,descent,3004
3003,execution,3005
3004,lithuania,3006
3005,boundary,3007
3006,grown,3008
3007,detroit,3009
3008,milk,3010
3009,morning,3011
3010,forth,3012
3011,essay,3013
3012,sugar,3014
3013,peak,3015
3014,basketball,3016
3015,palestinian,3017
3016,napoleon,3018
3017,jurisdiction,3019
3018,laid,3020
3019,hypothesis,3021
3020,dating,3022
3021,chile,3023
3022,certainly,3024
3023,identify,3025
3024,beautiful,3026
3025,keeping,3027
3026,mp,3028
3027,judges,3029
3028,survived,3030
3029,headquarters,3031
3030,concern,3032
3031,channels,3033
3032,skin,3034
3033,bah,3035
3034,snow,3036
3035,decisions,3037
3036,lisp,3038
3037,conquest,3039
3038,kinds,3040
3039,disorder,3041
3040,referring,3042
3041,stay,3043
3042,lay,3044
3043,kilometers,3045
3044,macintosh,3046
3045,longest,3047
3046,residence,3048
3047,integral,3049
3048,acids,3050
3049,driver,3051
3050,motor,3052
3051,prepared,3053
3052,representing,3054
3053,solutions,3055
3054,solo,3056
3055,organisation,3057
3056,responsibility,3058
3057,exile,3059
3058,partially,3060
3059,owner,3061
3060,hiv,3062
3061,bishops,3063
3062,crimes,3064
3063,pronunciation,3065
3064,poverty,3066
3065,athens,3067
3066,districts,3068
3067,filled,3069
3068,variants,3070
3069,diplomatic,3071
3070,patent,3072
3071,benefit,3073
3072,angels,3074
3073,monarchy,3075
3074,meanings,3076
3075,copies,3077
3076,locations,3078
3077,minute,3079
3078,procedure,3080
3079,cited,3081
3080,originated,3082
3081,didn,3083
3082,inducted,3084
3083,matrix,3085
3084,headed,3086
3085,celebrated,3087
3086,naturally,3088
3087,battles,3089
3088,representative,3090
3089,operate,3091
3090,covers,3092
3091,grounds,3093
3092,variation,3094
3093,soldier,3095
3094,knew,3096
3095,protected,3097
3096,medal,3098
3097,relativity,3099
3098,easier,3100
3099,seemed,3101
3100,percentage,3102
3101,cm,3103
3102,wine,3104
3103,roads,3105
3104,unix,3106
3105,rebellion,3107
3106,carrying,3108
3107,incident,3109
3108,roger,3110
3109,sunday,3111
3110,animated,3112
3111,hills,3113
3112,gone,3114
3113,familiar,3115
3114,confused,3116
3115,plain,3117
3116,dylan,3118
3117,ultimate,3119
3118,partner,3120
3119,listing,3121
3120,thirty,3122
3121,directors,3123
3122,composers,3124
3123,getting,3125
3124,angle,3126
3125,briefly,3127
3126,comprehensive,3128
3127,descendants,3129
3128,commentary,3130
3129,varies,3131
3130,seek,3132
3131,knight,3133
3132,holidays,3134
3133,abuse,3135
3134,presidency,3136
3135,extinct,3137
3136,recipient,3138
3137,liberty,3139
3138,armies,3140
3139,victoria,3141
3140,distinguish,3142
3141,dublin,3143
3142,grow,3144
3143,marshall,3145
3144,assassination,3146
3145,landing,3147
3146,papers,3148
3147,overview,3149
3148,ontario,3150
3149,goals,3151
3150,opportunity,3152
3151,defensive,3153
3152,automatic,3154
3153,offers,3155
3154,confirmed,3156
3155,absence,3157
3156,performing,3158
3157,ma,3159
3158,fluid,3160
3159,dos,3161
3160,nasa,3162
3161,sentence,3163
3162,finalist,3164
3163,ports,3165
3164,interpreted,3166
3165,collapse,3167
3166,processor,3168
3167,encouraged,3169
3168,contributions,3170
3169,emergency,3171
3170,fly,3172
3171,remove,3173
3172,bulgaria,3174
3173,register,3175
3174,enemies,3176
3175,vowels,3177
3176,victims,3178
3177,macedonia,3179
3178,png,3180
3179,afterwards,3181
3180,serves,3182
3181,ranked,3183
3182,indicates,3184
3183,difficulty,3185
3184,personality,3186
3185,southeast,3187
3186,floor,3188
3187,credited,3189
3188,renaissance,3190
3189,noun,3191
3190,atom,3192
3191,cathedral,3193
3192,interaction,3194
3193,walk,3195
3194,nato,3196
3195,stages,3197
3196,promote,3198
3197,hamilton,3199
3198,agave,3200
3199,basque,3201
3200,faced,3202
3201,pitch,3203
3202,sacred,3204
3203,unity,3205
3204,tape,3206
3205,eric,3207
3206,bibliography,3208
3207,household,3209
3208,cash,3210
3209,survive,3211
3210,phenomena,3212
3211,colour,3213
3212,forests,3214
3213,drop,3215
3214,obtain,3216
3215,losing,3217
3216,reactions,3218
3217,carter,3219
3218,presidents,3220
3219,boat,3221
3220,vienna,3222
3221,possession,3223
3222,focused,3224
3223,shell,3225
3224,continuing,3226
3225,safe,3227
3226,debt,3228
3227,brand,3229
3228,compact,3230
3229,southwest,3231
3230,substances,3232
3231,titled,3233
3232,passenger,3234
3233,reaching,3235
3234,charter,3236
3235,diverse,3237
3236,discussed,3238
3237,friedrich,3239
3238,funds,3240
3239,highway,3241
3240,tony,3242
3241,credit,3243
3242,transferred,3244
3243,communism,3245
3244,benjamin,3246
3245,happened,3247
3246,monarch,3248
3247,baptism,3249
3248,lesser,3250
3249,challenge,3251
3250,beat,3252
3251,seasons,3253
3252,linguistic,3254
3253,chose,3255
3254,plate,3256
3255,slave,3257
3256,breaking,3258
3257,artistic,3259
3258,engineers,3260
3259,gregorian,3261
3260,beach,3262
3261,crystal,3263
3262,electoral,3264
3263,citizen,3265
3264,carolina,3266
3265,dream,3267
3266,regardless,3268
3267,territorial,3269
3268,clark,3270
3269,mit,3271
3270,journey,3272
3271,dual,3273
3272,everyone,3274
3273,ill,3275
3274,repeated,3276
3275,humanity,3277
3276,twentieth,3278
3277,candidates,3279
3278,christopher,3280
3279,santa,3281
3280,camps,3282
3281,consistent,3283
3282,archive,3284
3283,welsh,3285
3284,copper,3286
3285,bases,3287
3286,gibraltar,3288
3287,jan,3289
3288,survey,3290
3289,ownership,3291
3290,progressive,3292
3291,advertising,3293
3292,worth,3294
3293,immediate,3295
3294,statistical,3296
3295,trained,3297
3296,gallery,3298
3297,commodore,3299
3298,restricted,3300
3299,integer,3301
3300,senior,3302
3301,slaves,3303
3302,operator,3304
3303,horror,3305
3304,client,3306
3305,hotel,3307
3306,corps,3308
3307,disputed,3309
3308,translations,3310
3309,empty,3311
3310,relief,3312
3311,fm,3313
3312,stress,3314
3313,anthony,3315
3314,farm,3316
3315,implemented,3317
3316,involve,3318
3317,keys,3319
3318,sox,3320
3319,esperanto,3321
3320,psychological,3322
3321,canon,3323
3322,restrictions,3324
3323,variables,3325
3324,bureau,3326
3325,criticized,3327
3326,detail,3328
3327,column,3329
3328,uniform,3330
3329,moses,3331
3330,firm,3332
3331,cleveland,3333
3332,virus,3334
3333,specialized,3335
3334,libraries,3336
3335,describing,3337
3336,adapted,3338
3337,drink,3339
3338,outer,3340
3339,ruling,3341
3340,females,3342
3341,offices,3343
3342,send,3344
3343,senator,3345
3344,disney,3346
3345,couple,3347
3346,seconds,3348
3347,reverse,3349
3348,slavery,3350
3349,biggest,3351
3350,verse,3352
3351,inch,3353
3352,depicted,3354
3353,colorado,3355
3354,civilian,3356
3355,conquered,3357
3356,duty,3358
3357,lose,3359
3358,rocks,3360
3359,calvin,3361
3360,contrary,3362
3361,syndrome,3363
3362,situations,3364
3363,ce,3365
3364,array,3366
3365,obvious,3367
3366,compound,3368
3367,architect,3369
3368,streets,3370
3369,rain,3371
3370,engaged,3372
3371,leo,3373
3372,races,3374
3373,varying,3375
3374,ethical,3376
3375,pain,3377
3376,retained,3378
3377,distinctive,3379
3378,isolated,3380
3379,beta,3381
3380,khan,3382
3381,herbert,3383
3382,confusion,3384
3383,fighter,3385
3384,speaker,3386
3385,skill,3387
3386,compatible,3388
3387,herself,3389
3388,morocco,3390
3389,turning,3391
3390,electronics,3392
3391,declined,3393
3392,investigation,3394
3393,precise,3395
3394,dragon,3396
3395,manufacturers,3397
3396,arithmetic,3398
3397,liberation,3399
3398,turns,3400
3399,starts,3401
3400,buddhism,3402
3401,spin,3403
3402,campbell,3404
3403,demonstrated,3405
3404,messages,3406
3405,planets,3407
3406,spacecraft,3408
3407,prophet,3409
3408,reducing,3410
3409,observations,3411
3410,reduction,3412
3411,airports,3413
3412,sovereignty,3414
3413,interested,3415
3414,patient,3416
3415,petroleum,3417
3416,creator,3418
3417,custom,3419
3418,exclusively,3420
3419,neutral,3421
3420,princess,3422
3421,bronze,3423
3422,cyprus,3424
3423,replacement,3425
3424,mining,3426
3425,educated,3427
3426,insurance,3428
3427,differ,3429
3428,animation,3430
3429,camera,3431
3430,scenes,3432
3431,strategic,3433
3432,watch,3434
3433,migration,3435
3434,baby,3436
3435,gate,3437
3436,claiming,3438
3437,tribe,3439
3438,waters,3440
3439,invention,3441
3440,molecule,3442
3441,estate,3443
3442,disaster,3444
3443,te,3445
3444,galaxy,3446
3445,phi,3447
3446,democrats,3448
3447,publicly,3449
3448,arrangement,3450
3449,dramatic,3451
3450,banned,3452
3451,cave,3453
3452,receiving,3454
3453,exclusive,3455
3454,integration,3456
3455,accompanied,3457
3456,lawrence,3458
3457,specified,3459
3458,drew,3460
3459,designated,3461
3460,fund,3462
3461,matthew,3463
3462,regularly,3464
3463,congo,3465
3464,holocaust,3466
3465,owners,3467
3466,behaviour,3468
3467,wear,3469
3468,valid,3470
3469,ve,3471
3470,mile,3472
3471,conspiracy,3473
3472,penalty,3474
3473,sample,3475
3474,genes,3476
3475,geographic,3477
3476,infrastructure,3478
3477,houston,3479
3478,commerce,3480
3479,les,3481
3480,draft,3482
3481,surviving,3483
3482,sam,3484
3483,diet,3485
3484,disambiguation,3486
3485,fled,3487
3486,atlanta,3488
3487,separation,3489
3488,connections,3490
3489,structural,3491
3490,boeing,3492
3491,sixth,3493
3492,gates,3494
3493,missions,3495
3494,strictly,3496
3495,varieties,3497
3496,minnesota,3498
3497,cricket,3499
3498,pollution,3500
3499,isaac,3501
3500,earned,3502
3501,experiences,3503
3502,statue,3504
3503,cooperation,3505
3504,millions,3506
3505,slowly,3507
3506,supports,3508
3507,newspapers,3509
3508,cardinal,3510
3509,benefits,3511
3510,powered,3512
3511,switch,3513
3512,indians,3514
3513,passes,3515
3514,commons,3516
3515,doesn,3517
3516,jet,3518
3517,falling,3519
3518,overseas,3520
3519,montreal,3521
3520,arrested,3522
3521,essays,3523
3522,alaska,3524
3523,plural,3525
3524,purchase,3526
3525,ibn,3527
3526,rational,3528
3527,blind,3529
3528,coffee,3530
3529,dioxide,3531
3530,permitted,3532
3531,estimates,3533
3532,monetary,3534
3533,excellent,3535
3534,bulgarian,3536
3535,prisoners,3537
3536,whatever,3538
3537,doubt,3539
3538,siege,3540
3539,moreover,3541
3540,mixture,3542
3541,personnel,3543
3542,contest,3544
3543,tank,3545
3544,laser,3546
3545,latvia,3547
3546,explorer,3548
3547,gothic,3549
3548,archbishop,3550
3549,tells,3551
3550,jacob,3552
3551,cavalry,3553
3552,anne,3554
3553,considerably,3555
3554,monopoly,3556
3555,confederate,3557
3556,delivered,3558
3557,involvement,3559
3558,marks,3560
3559,taiwan,3561
3560,quantity,3562
3561,teachings,3563
3562,horses,3564
3563,measurement,3565
3564,inventor,3566
3565,cook,3567
3566,torah,3568
3567,lifetime,3569
3568,johann,3570
3569,differential,3571
3570,tale,3572
3571,conclusion,3573
3572,framework,3574
3573,broadcasting,3575
3574,admiral,3576
3575,optical,3577
3576,affect,3578
3577,export,3579
3578,arranged,3580
3579,discipline,3581
3580,whilst,3582
3581,miller,3583
3582,catholics,3584
3583,quebec,3585
3584,yes,3586
3585,consequently,3587
3586,mention,3588
3587,secure,3589
3588,winners,3590
3589,duties,3591
3590,fat,3592
3591,wish,3593
3592,secular,3594
3593,developments,3595
3594,theater,3596
3595,eat,3597
3596,journalist,3598
3597,stability,3599
3598,ethiopia,3600
3599,punishment,3601
3600,sell,3602
3601,row,3603
3602,taylor,3604
3603,allen,3605
3604,disputes,3606
3605,ban,3607
3606,synthesis,3608
3607,racial,3609
3608,temporary,3610
3609,controls,3611
3610,voted,3612
3611,enjoyed,3613
3612,properly,3614
3613,anime,3615
3614,recordings,3616
3615,explicitly,3617
3616,returning,3618
3617,aristotle,3619
3618,isle,3620
3619,footballer,3621
3620,buddhist,3622
3621,pairs,3623
3622,ranges,3624
3623,mystery,3625
3624,blade,3626
3625,curve,3627
3626,seeking,3628
3627,bringing,3629
3628,si,3630
3629,sale,3631
3630,participation,3632
3631,metric,3633
3632,appearances,3634
3633,linguistics,3635
3634,devil,3636
3635,shorter,3637
3636,robinson,3638
3637,politicians,3639
3638,citizenship,3640
3639,volumes,3641
3640,revised,3642
3641,negotiations,3643
3642,dollars,3644
3643,immigration,3645
3644,devoted,3646
3645,immigrants,3647
3646,centers,3648
3647,routes,3649
3648,rival,3650
3649,leg,3651
3650,indicated,3652
3651,approval,3653
3652,suitable,3654
3653,singular,3655
3654,suit,3656
3655,chip,3657
3656,childhood,3658
3657,observation,3659
3658,conduct,3660
3659,purchased,3661
3660,comedian,3662
3661,terminal,3663
3662,iranian,3664
3663,efficiency,3665
3664,missiles,3666
3665,fresh,3667
3666,legendary,3668
3667,abc,3669
3668,establishing,3670
3669,agreements,3671
3670,singing,3672
3671,partners,3673
3672,destroy,3674
3673,implies,3675
3674,fishing,3676
3675,grey,3677
3676,sharp,3678
3677,creative,3679
3678,romania,3680
3679,worst,3681
3680,finance,3682
3681,plastic,3683
3682,restored,3684
3683,orchestra,3685
3684,warm,3686
3685,arizona,3687
3686,covering,3688
3687,wins,3689
3688,termed,3690
3689,tube,3691
3690,consequences,3692
3691,northeast,3693
3692,gets,3694
3693,finds,3695
3694,perception,3696
3695,genesis,3697
3696,hidden,3698
3697,exposed,3699
3698,proposal,3700
3699,metals,3701
3700,drives,3702
3701,guitarist,3703
3702,seeing,3704
3703,vertical,3705
3704,favour,3706
3705,promoted,3707
3706,equally,3708
3707,expedition,3709
3708,photo,3710
3709,superman,3711
3710,concluded,3712
3711,beauty,3713
3712,situated,3714
3713,twin,3715
3714,mounted,3716
3715,theological,3717
3716,caught,3718
3717,scholar,3719
3718,assume,3720
3719,wiki,3721
3720,terminology,3722
3721,gordon,3723
3722,returns,3724
3723,mormon,3725
3724,loop,3726
3725,algebraic,3727
3726,valuable,3728
3727,concentrated,3729
3728,handed,3730
3729,franchise,3731
3730,collective,3732
3731,dave,3733
3732,stopped,3734
3733,ready,3735
3734,concrete,3736
3735,removal,3737
3736,releases,3738
3737,portrait,3739
3738,burning,3740
3739,kuwait,3741
3740,prussia,3742
3741,turing,3743
3742,counties,3744
3743,oral,3745
3744,physician,3746
3745,grain,3747
3746,aware,3748
3747,affair,3749
3748,fusion,3750
3749,fired,3751
3750,maritime,3752
3751,google,3753
3752,nova,3754
3753,gamma,3755
3754,jacques,3756
3755,vii,3757
3756,varied,3758
3757,millennium,3759
3758,width,3760
3759,adjacent,3761
3760,dynamic,3762
3761,margaret,3763
3762,wayne,3764
3763,adventure,3765
3764,singles,3766
3765,difficulties,3767
3766,consequence,3768
3767,funding,3769
3768,jobs,3770
3769,philadelphia,3771
3770,rom,3772
3771,iowa,3773
3772,johnny,3774
3773,voltage,3775
3774,portrayed,3776
3775,recognize,3777
3776,driving,3778
3777,ask,3779
3778,julian,3780
3779,obsolete,3781
3780,flash,3782
3781,circuits,3783
3782,rocket,3784
3783,therapy,3785
3784,astronomy,3786
3785,louisiana,3787
3786,ceremony,3788
3787,trans,3789
3788,collections,3790
3789,housing,3791
3790,recovery,3792
3791,buy,3793
3792,harrison,3794
3793,transformation,3795
3794,revelation,3796
3795,fewer,3797
3796,amateur,3798
3797,fran,3799
3798,virgin,3800
3799,interactive,3801
3800,mix,3802
3801,bach,3803
3802,servers,3804
3803,magnitude,3805
3804,admitted,3806
3805,chancellor,3807
3806,thin,3808
3807,proclaimed,3809
3808,ghost,3810
3809,ne,3811
3810,complicated,3812
3811,rotation,3813
3812,arrival,3814
3813,belong,3815
3814,tourist,3816
3815,gauge,3817
3816,fbi,3818
3817,analog,3819
3818,cognitive,3820
3819,reflected,3821
3820,trust,3822
3821,bernard,3823
3822,capita,3824
3823,editions,3825
3824,bought,3826
3825,phone,3827
3826,tends,3828
3827,storm,3829
3828,crash,3830
3829,thompson,3831
3830,dealing,3832
3831,wings,3833
3832,intervention,3834
3833,employment,3835
3834,mercury,3836
3835,settlements,3837
3836,governing,3838
3837,merged,3839
3838,seventh,3840
3839,muscle,3841
3840,meanwhile,3842
3841,dated,3843
3842,align,3844
3843,ram,3845
3844,kent,3846
3845,handle,3847
3846,topic,3848
3847,railroad,3849
3848,customs,3850
3849,suffering,3851
3850,baroque,3852
3851,median,3853
3852,window,3854
3853,designer,3855
3854,neo,3856
3855,thereby,3857
3856,transform,3858
3857,denied,3859
3858,exceptions,3860
3859,dan,3861
3860,nelson,3862
3861,info,3863
3862,attempting,3864
3863,raise,3865
3864,cellular,3866
3865,romantic,3867
3866,coins,3868
3867,norman,3869
3868,chart,3870
3869,photos,3871
3870,extend,3872
3871,gregory,3873
3872,surrounded,3874
3873,mathematicians,3875
3874,int,3876
3875,entropy,3877
3876,please,3878
3877,murray,3879
3878,augustus,3880
3879,significance,3881
3880,ties,3882
3881,beijing,3883
3882,relevant,3884
3883,summary,3885
3884,advice,3886
3885,tribute,3887
3886,quantities,3888
3887,printing,3889
3888,marketing,3890
3889,buffalo,3891
3890,factory,3892
3891,threatened,3893
3892,belgian,3894
3893,tim,3895
3894,manufactured,3896
3895,accident,3897
3896,reflect,3898
3897,grace,3899
3898,proven,3900
3899,maintains,3901
3900,quick,3902
3901,dimension,3903
3902,alien,3904
3903,pointed,3905
3904,independently,3906
3905,moderate,3907
3906,corruption,3908
3907,option,3909
3908,lenin,3910
3909,hunting,3911
3910,ongoing,3912
3911,refugees,3913
3912,guy,3914
3913,poets,3915
3914,simultaneously,3916
3915,hawaii,3917
3916,jupiter,3918
3917,drum,3919
3918,disorders,3920
3919,participate,3921
3920,accuracy,3922
3921,spot,3923
3922,quoted,3924
3923,operators,3925
3924,anglican,3926
3925,taxes,3927
3926,palestine,3928
3927,liverpool,3929
3928,mood,3930
3929,reader,3931
3930,symbolic,3932
3931,attracted,3933
3932,illness,3934
3933,inches,3935
3934,compare,3936
3935,oscar,3937
3936,performances,3938
3937,noble,3939
3938,eating,3940
3939,malaysia,3941
3940,stores,3942
3941,consonant,3943
3942,adventures,3944
3943,romance,3945
3944,aimed,3946
3945,exercise,3947
3946,strict,3948
3947,wider,3949
3948,alive,3950
3949,minerals,3951
3950,sensitive,3952
3951,stream,3953
3952,tunnel,3954
3953,terrorist,3955
3954,kosovo,3956
3955,stanley,3957
3956,phoenix,3958
3957,log,3959
3958,acceptance,3960
3959,studios,3961
3960,reviews,3962
3961,consist,3963
3962,subset,3964
3963,remainder,3965
3964,gandhi,3966
3965,croatia,3967
3966,extensively,3968
3967,legislature,3969
3968,drama,3970
3969,dick,3971
3970,employees,3972
3971,chemist,3973
3972,euro,3974
3973,session,3975
3974,anderson,3976
3975,assault,3977
3976,baltimore,3978
3977,entity,3979
3978,genres,3980
3979,steam,3981
3980,readers,3982
3981,trivia,3983
3982,happy,3984
3983,struck,3985
3984,luke,3986
3985,blocks,3987
3986,parent,3988
3987,vacuum,3989
3988,agencies,3990
3989,duck,3991
3990,nickname,3992
3991,unions,3993
3992,prefer,3994
3993,se,3995
3994,sphere,3996
3995,unemployment,3997
3996,europeans,3998
3997,versus,3999
3998,resigned,4000
3999,shah,4001
4000,viii,4002
4001,graduate,4003
4002,coined,4004
4003,timeline,4005
4004,wheel,4006
4005,ieee,4007
4006,singapore,4008
4007,hans,4009
4008,approaches,4010
4009,chris,4011
4010,enormous,4012
4011,girls,4013
4012,looks,4014
4013,fallen,4015
4014,clothing,4016
4015,settlers,4017
4016,bone,4018
4017,worlds,4019
4018,narrative,4020
4019,expert,4021
4020,offering,4022
4021,serbia,4023
4022,broadway,4024
4023,monroe,4025
4024,uss,4026
4025,rear,4027
4026,cuban,4028
4027,drinking,4029
4028,sharing,4030
4029,cattle,4031
4030,friendly,4032
4031,toronto,4033
4032,ann,4034
4033,addresses,4035
4034,cartoon,4036
4035,studying,4037
4036,requiring,4038
4037,sovereign,4039
4038,rings,4040
4039,coverage,4041
4040,nationalist,4042
4041,holes,4043
4042,automatically,4044
4043,premier,4045
4044,priests,4046
4045,communists,4047
4046,manual,4048
4047,ph,4049
4048,raw,4050
4049,shock,4051
4050,adoption,4052
4051,marie,4053
4052,geneva,4054
4053,objective,4055
4054,entering,4056
4055,id,4057
4056,trip,4058
4057,conservation,4059
4058,membrane,4060
4059,binding,4061
4060,aka,4062
4061,consensus,4063
4062,injury,4064
4063,rolling,4065
4064,errors,4066
4065,besides,4067
4066,defining,4068
4067,paintings,4069
4068,afc,4070
4069,lasted,4071
4070,arguably,4072
4071,desired,4073
4072,weekly,4074
4073,teach,4075
4074,neck,4076
4075,conventions,4077
4076,angel,4078
4077,faces,4079
4078,brazilian,4080
4079,receives,4081
4080,stones,4082
4081,remote,4083
4082,strange,4084
4083,voters,4085
4084,wire,4086
4085,victor,4087
4086,shares,4088
4087,trains,4089
4088,generations,4090
4089,rfc,4091
4090,larry,4092
4091,observer,4093
4092,aaron,4094
4093,administered,4095
4094,programme,4096
4095,guest,4097
4096,easter,4098
4097,liberalism,4099
4098,sequences,4100
4099,natives,4101
4100,sole,4102
4101,painted,4103
4102,hunt,4104
4103,pan,4105
4104,exposure,4106
4105,autonomous,4107
4106,defend,4108
4107,metres,4109
4108,bull,4110
4109,taste,4111
4110,kingdoms,4112
4111,voyage,4113
4112,championships,4114
4113,exploration,4115
4114,shooting,4116
4115,rifle,4117
4116,diego,4118
4117,colombia,4119
4118,tendency,4120
4119,proportion,4121
4120,elevation,4122
4121,baptist,4123
4122,comments,4124
4123,procedures,4125
4124,momentum,4126
4125,lithuanian,4127
4126,compiler,4128
4127,alongside,4129
4128,argues,4130
4129,cutting,4131
4130,funeral,4132
4131,marvel,4133
4132,generate,4134
4133,schedule,4135
4134,mirror,4136
4135,eve,4137
4136,albania,4138
4137,dogs,4139
4138,underlying,4140
4139,slavic,4141
4140,stronger,4142
4141,semitic,4143
4142,heroes,4144
4143,dimensions,4145
4144,mammals,4146
4145,corner,4147
4146,coat,4148
4147,abolished,4149
4148,truly,4150
4149,revenue,4151
4150,decimal,4152
4151,maryland,4153
4152,eternal,4154
4153,competitive,4155
4154,wilhelm,4156
4155,governed,4157
4156,latest,4158
4157,austin,4159
4158,costa,4160
4159,nationality,4161
4160,bulk,4162
4161,clinical,4163
4162,looked,4164
4163,arc,4165
4164,ascii,4166
4165,grade,4167
4166,jimmy,4168
4167,governors,4169
4168,businesses,4170
4169,lieutenant,4171
4170,shore,4172
4171,formats,4173
4172,dot,4174
4173,trinity,4175
4174,crops,4176
4175,epic,4177
4176,activist,4178
4177,assistant,4179
4178,adaptation,4180
4179,geographical,4181
4180,terrain,4182
4181,saxon,4183
4182,tasks,4184
4183,considering,4185
4184,inspiration,4186
4185,helium,4187
4186,interpretations,4188
4187,hunter,4189
4188,wearing,4190
4189,stood,4191
4190,instrumental,4192
4191,slang,4193
4192,publisher,4194
4193,manga,4195
4194,python,4196
4195,occasions,4197
4196,ac,4198
4197,infection,4199
4198,mickey,4200
4199,franco,4201
4200,electromagnetic,4202
4201,plains,4203
4202,edinburgh,4204
4203,uncle,4205
4204,unfortunately,4206
4205,requirement,4207
4206,libya,4208
4207,supplies,4209
4208,amiga,4210
4209,arose,4211
4210,honour,4212
4211,patrick,4213
4212,ai,4214
4213,installed,4215
4214,replacing,4216
4215,regulations,4217
4216,milan,4218
4217,florence,4219
4218,repeatedly,4220
4219,opposing,4221
4220,mechanisms,4222
4221,sand,4223
4222,politically,4224
4223,bills,4225
4224,trials,4226
4225,tail,4227
4226,scots,4228
4227,hoover,4229
4228,nominated,4230
4229,naming,4231
4230,creates,4232
4231,consonants,4233
4232,unlikely,4234
4233,revival,4235
4234,bombing,4236
4235,applies,4237
4236,ms,4238
4237,intense,4239
4238,battery,4240
4239,protest,4241
4240,seriously,4242
4241,kentucky,4243
4242,purely,4244
4243,jonathan,4245
4244,wright,4246
4245,matches,4247
4246,pioneer,4248
4247,tactics,4249
4248,mineral,4250
4249,manuscript,4251
4250,merchant,4252
4251,hierarchy,4253
4252,liberals,4254
4253,appearing,4255
4254,recommended,4256
4255,entities,4257
4256,centered,4258
4257,babylon,4259
4258,visitors,4260
4259,tables,4261
4260,happen,4262
4261,atlas,4263
4262,ussr,4264
4263,economies,4265
4264,hosts,4266
4265,diamonds,4267
4266,tea,4268
4267,missing,4269
4268,ranging,4270
4269,saudi,4271
4270,deck,4272
4271,serial,4273
4272,belt,4274
4273,jane,4275
4274,silent,4276
4275,creatures,4277
4276,aramaic,4278
4277,philippines,4279
4278,developers,4280
4279,demands,4281
4280,aluminium,4282
4281,consisted,4283
4282,retain,4284
4283,kevin,4285
4284,sydney,4286
4285,cocaine,4287
4286,triple,4288
4287,feast,4289
4288,mao,4290
4289,sees,4291
4290,criteria,4292
4291,identification,4293
4292,arabia,4294
4293,homosexuality,4295
4294,homosexual,4296
4295,invaded,4297
4296,tied,4298
4297,li,4299
4298,cargo,4300
4299,spending,4301
4300,fossil,4302
4301,homer,4303
4302,aside,4304
4303,etymology,4305
4304,derives,4306
4305,reaches,4307
4306,damaged,4308
4307,integers,4309
4308,writes,4310
4309,reject,4311
4310,teachers,4312
4311,amendment,4313
4312,reasoning,4314
4313,feeling,4315
4314,check,4316
4315,abortion,4317
4316,unofficial,4318
4317,transmitted,4319
4318,trotsky,4320
4319,freely,4321
4320,decide,4322
4321,elite,4323
4322,conflicts,4324
4323,vocal,4325
4324,bright,4326
4325,farming,4327
4326,tall,4328
4327,spoke,4329
4328,solve,4330
4329,gravitational,4331
4330,norse,4332
4331,mutual,4333
4332,advocates,4334
4333,proto,4335
4334,explosion,4336
4335,sultan,4337
4336,abroad,4338
4337,evening,4339
4338,coin,4340
4339,warner,4341
4340,juan,4342
4341,jury,4343
4342,bosnia,4344
4343,godzilla,4345
4344,touch,4346
4345,sure,4347
4346,abu,4348
4347,fifty,4349
4348,statesman,4350
4349,pagan,4351
4350,novelist,4352
4351,provincial,4353
4352,massacre,4354
4353,carries,4355
4354,anthropology,4356
4355,physiology,4357
4356,nouns,4358
4357,glucose,4359
4358,hearing,4360
4359,cats,4361
4360,danger,4362
4361,newer,4363
4362,realm,4364
4363,organism,4365
4364,scope,4366
4365,treat,4367
4366,graphic,4368
4367,hash,4369
4368,socialism,4370
4369,defines,4371
4370,genetics,4372
4371,comet,4373
4372,plague,4374
4373,galileo,4375
4374,arbitrary,4376
4375,occasion,4377
4376,ian,4378
4377,aviation,4379
4378,doors,4380
4379,gray,4381
4380,communion,4382
4381,estonia,4383
4382,leibniz,4384
4383,propaganda,4385
4384,reportedly,4386
4385,franz,4387
4386,tennis,4388
4387,tissue,4389
4388,module,4390
4389,item,4391
4390,derivative,4392
4391,diameter,4393
4392,illustrated,4394
4393,losses,4395
4394,facing,4396
4395,speeds,4397
4396,targets,4398
4397,astronomical,4399
4398,judah,4400
4399,sanskrit,4401
4400,manufacturer,4402
4401,graph,4403
4402,wisconsin,4404
4403,unsuccessful,4405
4404,infant,4406
4405,doctors,4407
4406,submarine,4408
4407,quotes,4409
4408,guardian,4410
4409,operates,4411
4410,kernel,4412
4411,warming,4413
4412,survival,4414
4413,thanks,4415
4414,arabs,4416
4415,distant,4417
4416,basin,4418
4417,stanford,4419
4418,trek,4420
4419,consent,4421
4420,sweet,4422
4421,julius,4423
4422,conan,4424
4423,proponents,4425
4424,withdrawal,4426
4425,sight,4427
4426,notice,4428
4427,periodic,4429
4428,likewise,4430
4429,pool,4431
4430,foods,4432
4431,ion,4433
4432,maintaining,4434
4433,yugoslavia,4435
4434,occurring,4436
4435,barry,4437
4436,meetings,4438
4437,chad,4439
4438,vocabulary,4440
4439,alice,4441
4440,artillery,4442
4441,predominantly,4443
4442,modes,4444
4443,estimate,4445
4444,filter,4446
4445,eleven,4447
4446,tennessee,4448
4447,villages,4449
4448,oh,4450
4449,crossing,4451
4450,legs,4452
4451,rabbi,4453
4452,songwriter,4454
4453,nietzsche,4455
4454,chapters,4456
4455,iceland,4457
4456,chemicals,4458
4457,anniversary,4459
4458,wisdom,4460
4459,confidence,4461
4460,serbian,4462
4461,retrieved,4463
4462,hindi,4464
4463,amino,4465
4464,explains,4466
4465,punk,4467
4466,assumption,4468
4467,closest,4469
4468,revolt,4470
4469,unified,4471
4470,stewart,4472
4471,guilty,4473
4472,saved,4474
4473,ritual,4475
4474,archaeological,4476
4475,vessels,4477
4476,runner,4478
4477,permission,4479
4478,trend,4480
4479,practiced,4481
4480,solomon,4482
4481,catholicism,4483
4482,graham,4484
4483,belarus,4485
4484,solely,4486
4485,potentially,4487
4486,noise,4488
4487,sleep,4489
4488,sacrifice,4490
4489,displayed,4491
4490,inhabited,4492
4491,debut,4493
4492,otto,4494
4493,recognised,4495
4494,divide,4496
4495,clean,4497
4496,circles,4498
4497,diagram,4499
4498,jerry,4500
4499,hughes,4501
4500,discrete,4502
4501,enjoy,4503
4502,reliable,4504
4503,deals,4505
4504,masters,4506
4505,ferdinand,4507
4506,tournament,4508
4507,signature,4509
4508,doom,4510
4509,ukraine,4511
4510,hear,4512
4511,imposed,4513
4512,technically,4514
4513,connecticut,4515
4514,regulation,4516
4515,comparative,4517
4516,maintenance,4518
4517,inter,4519
4518,cincinnati,4520
4519,jump,4521
4520,councils,4522
4521,adults,4523
4522,emotional,4524
4523,birthday,4525
4524,automobile,4526
4525,syntax,4527
4526,scored,4528
4527,remarkable,4529
4528,dialogue,4530
4529,updated,4531
4530,canterbury,4532
4531,equipped,4533
4532,constellation,4534
4533,cdot,4535
4534,macau,4536
4535,nonetheless,4537
4536,presents,4538
4537,frontier,4539
4538,pole,4540
4539,shadow,4541
4540,flows,4542
4541,billy,4543
4542,terry,4544
4543,conception,4545
4544,gore,4546
4545,radar,4547
4546,forty,4548
4547,bearing,4549
4548,opens,4550
4549,orientation,4551
4550,junior,4552
4551,morris,4553
4552,examination,4554
4553,civilizations,4555
4554,balls,4556
4555,smooth,4557
4556,explosive,4558
4557,cool,4559
4558,invited,4560
4559,foundations,4561
4560,associate,4562
4561,reed,4563
4562,extends,4564
4563,judgment,4565
4564,watson,4566
4565,desktop,4567
4566,baker,4568
4567,grave,4569
4568,experts,4570
4569,elder,4571
4570,floating,4572
4571,baron,4573
4572,wealthy,4574
4573,salvation,4575
4574,attributes,4576
4575,municipal,4577
4576,creature,4578
4577,catch,4579
4578,insubstantial,4580
4579,mere,4581
4580,primitive,4582
4581,favorite,4583
4582,depend,4584
4583,portions,4585
4584,producers,4586
4585,implement,4587
4586,phrases,4588
4587,corporations,4589
4588,immune,4590
4589,blow,4591
4590,deputy,4592
4591,mbox,4593
4592,claudius,4594
4593,genome,4595
4594,fred,4596
4595,kills,4597
4596,ahead,4598
4597,harbor,4599
4598,elementary,4600
4599,stuart,4601
4600,mhz,4602
4601,horn,4603
4602,vocals,4604
4603,relating,4605
4604,ss,4606
4605,intermediate,4607
4606,ranks,4608
4607,opinions,4609
4608,nucleus,4610
4609,munich,4611
4610,pick,4612
4611,critic,4613
4612,joke,4614
4613,confederation,4615
4614,retirement,4616
4615,namely,4617
4616,scores,4618
4617,allegedly,4619
4618,recovered,4620
4619,capabilities,4621
4620,commands,4622
4621,haiti,4623
4622,organisations,4624
4623,publishers,4625
4624,restoration,4626
4625,nineteenth,4627
4626,correspondence,4628
4627,circular,4629
4628,deeply,4630
4629,courses,4631
4630,homes,4632
4631,smallest,4633
4632,accessed,4634
4633,earthquake,4635
4634,fighters,4636
4635,autonomy,4637
4636,circumcision,4638
4637,landscape,4639
4638,legends,4640
4639,companion,4641
4640,corresponds,4642
4641,masses,4643
4642,bavaria,4644
4643,americas,4645
4644,striking,4646
4645,abilities,4647
4646,directions,4648
4647,stroke,4649
4648,farmers,4650
4649,compiled,4651
4650,generic,4652
4651,facility,4653
4652,diesel,4654
4653,layers,4655
4654,reformation,4656
4655,coding,4657
4656,precisely,4658
4657,specification,4659
4658,believes,4660
4659,antonio,4661
4660,lion,4662
4661,oregon,4663
4662,heir,4664
4663,atheism,4665
4664,milton,4666
4665,elvis,4667
4666,tongue,4668
4667,ross,4669
4668,configuration,4670
4669,sri,4671
4670,salvador,4672
4671,afghan,4673
4672,albanian,4674
4673,qur,4675
4674,console,4676
4675,insulin,4677
4676,decay,4678
4677,hat,4679
4678,surgery,4680
4679,metro,4681
4680,maxwell,4682
4681,respective,4683
4682,bread,4684
4683,expressions,4685
4684,covenant,4686
4685,enlightenment,4687
4686,counts,4688
4687,lebanese,4689
4688,hilbert,4690
4689,buddha,4691
4690,banking,4692
4691,westminster,4693
4692,thereafter,4694
4693,shield,4695
4694,alumni,4696
4695,mine,4697
4696,denominations,4698
4697,tiny,4699
4698,lb,4700
4699,cheese,4701
4700,mtv,4702
4701,railways,4703
4702,monarchs,4704
4703,jamaica,4705
4704,lasting,4706
4705,reconstruction,4707
4706,roy,4708
4707,contribution,4709
4708,frequencies,4710
4709,extinction,4711
4710,cluster,4712
4711,dallas,4713
4712,compete,4714
4713,anthem,4715
4714,realized,4716
4715,fun,4717
4716,avenue,4718
4717,convert,4719
4718,operational,4720
4719,yards,4721
4720,alabama,4722
4721,shakespeare,4723
4722,improvements,4724
4723,campaigns,4725
4724,descriptions,4726
4725,princeton,4727
4726,load,4728
4727,literacy,4729
4728,lights,4730
4729,dancing,4731
4730,legally,4732
4731,madrid,4733
4732,ted,4734
4733,parks,4735
4734,malcolm,4736
4735,everyday,4737
4736,clay,4738
4737,scheduled,4739
4738,hosted,4740
4739,reserves,4741
4740,factbook,4742
4741,victim,4743
4742,duncan,4744
4743,stack,4745
4744,fascist,4746
4745,cotton,4747
4746,bones,4748
4747,arrest,4749
4748,speculation,4750
4749,beam,4751
4750,carriers,4752
4751,astronomer,4753
4752,prose,4754
4753,argentine,4755
4754,luxembourg,4756
4755,forcing,4757
4756,ab,4758
4757,registered,4759
4758,dies,4760
4759,minimal,4761
4760,orbital,4762
4761,tested,4763
4762,autobiography,4764
4763,kazakhstan,4765
4764,uprising,4766
4765,elaborate,4767
4766,convinced,4768
4767,tomb,4769
4768,adopt,4770
4769,symphony,4771
4770,actively,4772
4771,peru,4773
4772,photographs,4774
4773,geometric,4775
4774,plateau,4776
4775,romanian,4777
4776,proportional,4778
4777,pi,4779
4778,anarchist,4780
4779,ideology,4781
4780,rainfall,4782
4781,amazon,4783
4782,preserve,4784
4783,excess,4785
4784,demanded,4786
4785,circa,4787
4786,wooden,4788
4787,volcanic,4789
4788,ali,4790
4789,charts,4791
4790,ira,4792
4791,moldova,4793
4792,poles,4794
4793,tension,4795
4794,diversity,4796
4795,displays,4797
4796,advances,4798
4797,competing,4799
4798,scales,4800
4799,measurements,4801
4800,inuit,4802
4801,collins,4803
4802,stayed,4804
4803,browser,4805
4804,nodes,4806
4805,catherine,4807
4806,finish,4808
4807,harold,4809
4808,rely,4810
4809,editing,4811
4810,interval,4812
4811,completion,4813
4812,humor,4814
4813,accomplished,4815
4814,consecutive,4816
4815,honey,4817
4816,whale,4818
4817,gift,4819
4818,relatives,4820
4819,worn,4821
4820,zeus,4822
4821,stating,4823
4822,thrown,4824
4823,nicholas,4825
4824,entrance,4826
4825,eighth,4827
4826,flowers,4828
4827,backed,4829
4828,nazis,4830
4829,kick,4831
4830,technological,4832
4831,fate,4833
4832,conservatives,4834
4833,supposedly,4835
4834,enterprise,4836
4835,samples,4837
4836,croatian,4838
4837,enabled,4839
4838,lane,4840
4839,organ,4841
4840,computational,4842
4841,golf,4843
4842,egg,4844
4843,oswald,4845
4844,dec,4846
4845,paved,4847
4846,warrior,4848
4847,cousin,4849
4848,signing,4850
4849,ludwig,4851
4850,contents,4852
4851,attitude,4853
4852,cow,4854
4853,package,4855
4854,select,4856
4855,fifteen,4857
4856,expenditures,4858
4857,lambda,4859
4858,kb,4860
4859,omega,4861
4860,advocate,4862
4861,chaos,4863
4862,eugene,4864
4863,globe,4865
4864,bow,4866
4865,cemetery,4867
4866,remembered,4868
4867,intent,4869
4868,morgan,4870
4869,gases,4871
4870,bridges,4872
4871,ipa,4873
4872,persia,4874
4873,dj,4875
4874,capitalist,4876
4875,voices,4877
4876,engage,4878
4877,attorney,4879
4878,burned,4880
4879,precision,4881
4880,productions,4882
4881,waste,4883
4882,encoding,4884
4883,miami,4885
4884,mu,4886
4885,catalan,4887
4886,availability,4888
4887,inherited,4889
4888,transit,4890
4889,crusade,4891
4890,forbidden,4892
4891,brass,4893
4892,dominican,4894
4893,unicode,4895
4894,annually,4896
4895,vital,4897
4896,advent,4898
4897,equilibrium,4899
4898,calculated,4900
4899,surfaces,4901
4900,calculations,4902
4901,adolf,4903
4902,amsterdam,4904
4903,prussian,4905
4904,dune,4906
4905,predicted,4907
4906,horizontal,4908
4907,attend,4909
4908,winds,4910
4909,hinduism,4911
4910,dust,4912
4911,preparation,4913
4912,rough,4914
4913,jurisdictions,4915
4914,tokyo,4916
4915,bed,4917
4916,ronald,4918
4917,jay,4919
4918,homepage,4920
4919,clergy,4921
4920,rendered,4922
4921,embedded,4923
4922,ha,4924
4923,microwave,4925
4924,physically,4926
4925,ken,4927
4926,populated,4928
4927,murdered,4929
4928,differs,4930
4929,feed,4931
4930,nintendo,4932
4931,und,4933
4932,iraqi,4934
4933,altered,4935
4934,till,4936
4935,syrian,4937
4936,scoring,4938
4937,irc,4939
4938,totally,4940
4939,fathers,4941
4940,pascal,4942
4941,archives,4943
4942,environments,4944
4943,crowd,4945
4944,connecting,4946
4945,dubbed,4947
4946,floppy,4948
4947,deemed,4949
4948,manuscripts,4950
4949,instances,4951
4950,locally,4952
4951,telecommunications,4953
4952,olympics,4954
4953,protocols,4955
4954,cameroon,4956
4955,expelled,4957
4956,transformed,4958
4957,comment,4959
4958,spend,4960
4959,peer,4961
4960,wallace,4962
4961,acceptable,4963
4962,remember,4964
4963,suspended,4965
4964,reagan,4966
4965,dealt,4967
4966,discussions,4968
4967,mccarthy,4969
4968,fiscal,4970
4969,observers,4971
4970,documentation,4972
4971,pilots,4973
4972,passengers,4974
4973,tanks,4975
4974,deposits,4976
4975,sheet,4977
4976,weber,4978
4977,honduras,4979
4978,alberta,4980
4979,enforcement,4981
4980,yale,4982
4981,vessel,4983
4982,poe,4984
4983,marxist,4985
4984,explicit,4986
4985,critique,4987
4986,similarities,4988
4987,dramatically,4989
4988,initiated,4990
4989,promised,4991
4990,tense,4992
4991,statute,4993
4992,ions,4994
4993,ba,4995
4994,barrel,4996
4995,galaxies,4997
4996,edgar,4998
4997,tribal,4999
4998,<PAD>,0
4999,<UNK>,1
